row_index,operands,actual,pred_col,iter,pred,A1,A2,P1,P2,error_type
0,"1000,1022,1221,9999","1000,1022,1221,9999",pred_iter_5000,5000,"1000,1221,1222,9999",1022,1221,1221,1222,other_error
1,"1000,1059,1458,9999","1000,1059,1458,9999",pred_iter_5000,5000,"1000,1458,1889,9999",1059,1458,1458,1889,other_error
2,"1000,1078,1977,9999","1000,1078,1977,9999",pred_iter_5000,5000,"1000,1078,9977,9999",1078,1977,1078,9977,other_error
3,"1000,1082,1580,9999","1000,1082,1580,9999",pred_iter_5000,5000,"1000,1580,9999,1582",1082,1580,1580,9999,other_error
4,"1000,1088,1583,9999","1000,1088,1583,9999",pred_iter_5000,5000,"1000,1583,1839,9999",1088,1583,1583,1839,other_error
5,"1000,1089,1287,9999","1000,1089,1287,9999",pred_iter_5000,5000,"1000,1287,1089,9999",1089,1287,1287,1089,other_error
6,"1000,1089,1488,9999","1000,1089,1488,9999",pred_iter_5000,5000,"1000,1488,1789,9999",1089,1488,1488,1789,other_error
7,"1000,1097,1796,9999","1000,1097,1796,9999",pred_iter_5000,5000,"1000,1796,1799,9996",1097,1796,1796,1799,other_error
8,"1000,1099,1594,9999","1000,1099,1594,9999",pred_iter_5000,5000,"1000,1594,1799,9999",1099,1594,1594,1799,other_error
9,"1000,1121,1920,9999","1000,1121,1920,9999",pred_iter_5000,5000,"1000,1121,1120,9999",1121,1920,1121,1120,other_error
12,"1000,1198,1991,9999","1000,1198,1991,9999",pred_iter_5000,5000,"1000,1198,1399,9991",1198,1991,1198,1399,other_error
13,"1000,1209,1708,9999","1000,1209,1708,9999",pred_iter_5000,5000,"1000,1209,9708,1999",1209,1708,1209,9708,other_error
15,"1000,1271,1970,9999","1000,1271,1970,9999",pred_iter_5000,5000,"1000,1271,9970,1999",1271,1970,1271,9970,other_error
20,"1000,1318,1119,9999","1000,1318,1119,9999",pred_iter_5000,5000,"1000,1118,1319,9999",1318,1119,1118,1319,other_error
21,"1000,1348,1547,9999","1000,1348,1547,9999",pred_iter_5000,5000,"1000,1348,9547,1999",1348,1547,1348,9547,other_error
22,"1000,1356,1952,9999","1000,1356,1952,9999",pred_iter_5000,5000,"1000,1356,1356,9999",1356,1952,1356,1356,other_error
23,"1000,1360,1062,9999","1000,1360,1062,9999",pred_iter_5000,5000,"1000,1360,9999,1362",1360,1062,1360,9999,other_error
24,"1000,1365,1563,9999","1000,1365,1563,9999",pred_iter_5000,5000,"1000,1365,9563,1999",1365,1563,1365,9563,other_error
25,"1000,1367,1268,9999","1000,1367,1268,9999",pred_iter_5000,5000,"1000,1267,1368,9999",1367,1268,1267,1368,other_error
30,"1000,1394,1298,9999","1000,1394,1298,9999",pred_iter_5000,5000,"1000,1298,1394,9999",1394,1298,1298,1394,other_error
35,"1000,1421,1025,9999","1000,1421,1025,9999",pred_iter_5000,5000,"1000,1421,1000,9999",1421,1025,1421,1000,other_error
36,"1000,1453,1159,9999","1000,1453,1159,9999",pred_iter_5000,5000,"1000,1159,1453,9999",1453,1159,1159,1453,other_error
38,"1000,1459,1956,9999","1000,1459,1956,9999",pred_iter_5000,5000,"1000,1459,1699,9999",1459,1956,1459,1699,other_error
42,"1000,1533,1832,9999","1000,1533,1832,9999",pred_iter_5000,5000,"1000,1533,9832,1999",1533,1832,1533,9832,other_error
43,"1000,1558,1459,9999","1000,1558,1459,9999",pred_iter_5000,5000,"1000,1458,1559,9999",1558,1459,1458,1559,other_error
44,"1000,1562,1469,9999","1000,1562,1469,9999",pred_iter_5000,5000,"1000,1462,1569,9999",1562,1469,1462,1569,other_error
46,"1000,1571,1870,9999","1000,1571,1870,9999",pred_iter_5000,5000,"1000,1571,9870,1999",1571,1870,1571,9870,other_error
48,"1000,1588,1289,9999","1000,1588,1289,9999",pred_iter_5000,5000,"1000,1288,1589,9999",1588,1289,1288,1589,other_error
49,"1000,1597,1299,9999","1000,1597,1299,9999",pred_iter_5000,5000,"1000,1299,1597,9999",1597,1299,1299,1597,other_error
51,"1000,1600,1306,9999","1000,1600,1306,9999",pred_iter_5000,5000,"1000,1306,1606,9999",1600,1306,1306,1606,other_error
52,"1000,1619,1915,9999","1000,1619,1915,9999",pred_iter_5000,5000,"1000,1619,1899,9999",1619,1915,1619,1899,other_error
53,"1000,1631,1437,9999","1000,1631,1437,9999",pred_iter_5000,5000,"1000,1437,1631,9999",1631,1437,1437,1631,other_error
54,"1000,1635,1236,9999","1000,1635,1236,9999",pred_iter_5000,5000,"1000,1236,1635,9999",1635,1236,1236,1635,other_error
55,"1000,1636,1934,9999","1000,1636,1934,9999",pred_iter_5000,5000,"1000,1636,1636,9999",1636,1934,1636,1636,other_error
57,"1000,1643,1447,9999","1000,1643,1447,9999",pred_iter_5000,5000,"1000,1447,1643,9999",1643,1447,1447,1643,other_error
58,"1000,1652,1559,9999","1000,1652,1559,9999",pred_iter_5000,5000,"1000,1559,1652,9999",1652,1559,1559,1652,other_error
59,"1000,1656,1457,9999","1000,1656,1457,9999",pred_iter_5000,5000,"1000,1457,1656,9999",1656,1457,1457,1656,other_error
61,"1000,1689,1986,9999","1000,1689,1986,9999",pred_iter_5000,5000,"1000,1689,9999,1686",1689,1986,1689,9999,other_error
62,"1000,1692,1396,9999","1000,1692,1396,9999",pred_iter_5000,5000,"1000,1396,9692,1999",1692,1396,1396,9692,other_error
63,"1000,1698,1793,9999","1000,1698,1793,9999",pred_iter_5000,5000,"1000,1698,9799,1993",1698,1793,1698,9799,other_error
64,"1000,1698,1897,9999","1000,1698,1897,9999",pred_iter_5000,5000,"1000,1698,1899,9999",1698,1897,1698,1899,other_error
65,"1000,1711,1619,9999","1000,1711,1619,9999",pred_iter_5000,5000,"1000,1611,1719,9999",1711,1619,1611,1719,other_error
67,"1000,1725,1527,9999","1000,1725,1527,9999",pred_iter_5000,5000,"1000,1527,1725,9999",1725,1527,1527,1725,other_error
68,"1000,1732,1334,9999","1000,1732,1334,9999",pred_iter_5000,5000,"1000,1334,1732,9999",1732,1334,1334,1732,other_error
69,"1000,1737,1038,9999","1000,1737,1038,9999",pred_iter_5000,5000,"1000,1737,1737,9999",1737,1038,1737,1737,other_error
70,"1000,1760,1369,9999","1000,1760,1369,9999",pred_iter_5000,5000,"1000,1369,1760,9999",1760,1369,1369,1760,other_error
71,"1000,1763,1064,9999","1000,1763,1064,9999",pred_iter_5000,5000,"1000,1064,9999,1763",1763,1064,1064,9999,other_error
72,"1000,1763,1666,9999","1000,1763,1666,9999",pred_iter_5000,5000,"1000,1666,1763,9999",1763,1666,1666,1763,other_error
73,"1000,1776,1973,9999","1000,1776,1973,9999",pred_iter_5000,5000,"1000,1776,1776,9999",1776,1973,1776,1776,other_error
75,"1000,1782,1586,9999","1000,1782,1586,9999",pred_iter_5000,5000,"1000,1586,1782,9999",1782,1586,1586,1782,other_error
76,"1000,1801,1308,9999","1000,1801,1308,9999",pred_iter_5000,5000,"1000,1308,1801,9999",1801,1308,1308,1801,other_error
77,"1000,1806,1107,9999","1000,1806,1107,9999",pred_iter_5000,5000,"1000,1107,1806,9999",1806,1107,1107,1806,other_error
78,"1000,1817,1519,9999","1000,1817,1519,9999",pred_iter_5000,5000,"1000,1519,1817,9999",1817,1519,1519,1817,other_error
79,"1000,1818,1219,9999","1000,1818,1219,9999",pred_iter_5000,5000,"1000,1219,1818,9999",1818,1219,1219,1818,other_error
80,"1000,1823,1724,9999","1000,1823,1724,9999",pred_iter_5000,5000,"1000,1724,9823,1999",1823,1724,1724,9823,other_error
81,"1000,1832,1735,9999","1000,1832,1735,9999",pred_iter_5000,5000,"1000,1735,1832,9999",1832,1735,1735,1832,other_error
82,"1000,1838,1934,9999","1000,1838,1934,9999",pred_iter_5000,5000,"1000,1834,1838,9999",1838,1934,1834,1838,other_error
83,"1000,1839,1930,9999","1000,1839,1930,9999",pred_iter_5000,5000,"1000,1839,1839,9999",1839,1930,1839,1839,other_error
84,"1000,1846,1940,9999","1000,1846,1940,9999",pred_iter_5000,5000,"1000,1746,1840,9999",1846,1940,1746,1840,other_error
85,"1000,1847,1748,9999","1000,1847,1748,9999",pred_iter_5000,5000,"1000,1748,1847,9999",1847,1748,1748,1847,other_error
86,"1000,1860,1468,9999","1000,1860,1468,9999",pred_iter_5000,5000,"1000,1468,1860,9999",1860,1468,1468,1860,other_error
87,"1000,1863,1765,9999","1000,1863,1765,9999",pred_iter_5000,5000,"1000,1765,1863,9999",1863,1765,1765,1863,other_error
88,"1000,1868,1669,9999","1000,1868,1669,9999",pred_iter_5000,5000,"1000,1669,9868,1999",1868,1669,1669,9868,other_error
89,"1000,1869,1968,9999","1000,1869,1968,9999",pred_iter_5000,5000,"1000,1869,1868,9999",1869,1968,1869,1868,other_error
90,"1000,1875,1379,9999","1000,1875,1379,9999",pred_iter_5000,5000,"1000,1379,1875,9999",1875,1379,1379,1875,other_error
91,"1000,1886,1789,9999","1000,1886,1789,9999",pred_iter_5000,5000,"1000,1789,9886,1999",1886,1789,1789,9886,other_error
92,"1000,1887,1985,9999","1000,1887,1985,9999",pred_iter_5000,5000,"1000,1787,1885,9999",1887,1985,1787,1885,other_error
93,"1000,1888,1982,9999","1000,1888,1982,9999",pred_iter_5000,5000,"1000,1882,1888,9999",1888,1982,1882,1888,other_error
94,"1000,1891,1292,9999","1000,1891,1292,9999",pred_iter_5000,5000,"1000,1292,1891,9999",1891,1292,1292,1891,other_error
95,"1000,1901,1602,9999","1000,1901,1602,9999",pred_iter_5000,5000,"1000,1602,1801,9999",1901,1602,1602,1801,other_error
96,"1000,1904,1308,9999","1000,1904,1308,9999",pred_iter_5000,5000,"1000,1308,1899,9999",1904,1308,1308,1899,other_error
97,"1000,1917,1119,9999","1000,1917,1119,9999",pred_iter_5000,5000,"1000,1119,1290,9999",1917,1119,1119,1290,other_error
98,"1000,1918,1119,9999","1000,1918,1119,9999",pred_iter_5000,5000,"1000,1119,1318,9999",1918,1119,1119,1318,other_error
99,"1000,1923,1829,9999","1000,1923,1829,9999",pred_iter_5000,5000,"1000,1829,1823,9999",1923,1829,1829,1823,other_error
100,"1000,1928,1829,9999","1000,1928,1829,9999",pred_iter_5000,5000,"1000,1828,1829,9999",1928,1829,1828,1829,other_error
101,"1000,1946,1847,9999","1000,1946,1847,9999",pred_iter_5000,5000,"1000,1847,1846,9999",1946,1847,1847,1846,other_error
102,"1000,1952,1056,9999","1000,1952,1056,9999",pred_iter_5000,5000,"1000,1056,9999,1052",1952,1056,1056,9999,other_error
103,"1000,1960,1067,9999","1000,1960,1067,9999",pred_iter_5000,5000,"1000,1067,9999,1099",1960,1067,1067,9999,other_error
104,"1000,1962,1867,9999","1000,1962,1867,9999",pred_iter_5000,5000,"1000,1862,9999,1867",1962,1867,1862,9999,other_error
105,"1000,1964,1768,9999","1000,1964,1768,9999",pred_iter_5000,5000,"1000,1768,1764,9999",1964,1768,1768,1764,other_error
106,"1000,1968,1769,9999","1000,1968,1769,9999",pred_iter_5000,5000,"1000,1769,9999,1768",1968,1769,1769,9999,other_error
107,"1000,1973,1876,9999","1000,1973,1876,9999",pred_iter_5000,5000,"1000,1776,1873,9999",1973,1876,1776,1873,other_error
108,"1000,1977,1879,9999","1000,1977,1879,9999",pred_iter_5000,5000,"1000,1877,1879,9999",1977,1879,1877,1879,other_error
109,"1000,1982,1883,9999","1000,1982,1883,9999",pred_iter_5000,5000,"1000,1883,1882,9999",1982,1883,1883,1882,other_error
110,"1000,1983,1887,9999","1000,1983,1887,9999",pred_iter_5000,5000,"1000,1883,9999,1887",1983,1887,1883,9999,other_error
111,"1000,2006,2801,9999","1000,2006,2801,9999",pred_iter_5000,5000,"1000,2801,2006,9999",2006,2801,2801,2006,other_error
112,"1000,2007,2402,9999","1000,2007,2402,9999",pred_iter_5000,5000,"1000,2402,8999,9999",2007,2402,2402,8999,other_error
113,"1000,2023,2520,9999","1000,2023,2520,9999",pred_iter_5000,5000,"1000,2520,2023,9999",2023,2520,2520,2023,other_error
114,"1000,2026,2824,9999","1000,2026,2824,9999",pred_iter_5000,5000,"1000,2824,2824,9999",2026,2824,2824,2824,other_error
115,"1000,2047,2745,9999","1000,2047,2745,9999",pred_iter_5000,5000,"1000,2745,2747,9999",2047,2745,2745,2747,other_error
116,"1000,2059,2858,9999","1000,2059,2858,9999",pred_iter_5000,5000,"1000,2858,2858,9999",2059,2858,2858,2858,other_error
117,"1000,2088,2182,9999","1000,2088,2182,9999",pred_iter_5000,5000,"1000,2188,5082,9999",2088,2182,2188,5082,other_error
119,"1000,2127,2220,9999","1000,2127,2220,9999",pred_iter_5000,5000,"1000,2127,8220,9999",2127,2220,2127,8220,other_error
120,"1000,2132,2033,9999","1000,2132,2033,9999",pred_iter_5000,5000,"1000,2133,4032,9999",2132,2033,2133,4032,other_error
121,"1000,2218,2910,9999","1000,2218,2910,9999",pred_iter_5000,5000,"1000,2218,8999,9999",2218,2910,2218,8999,other_error
123,"1000,2237,2934,9999","1000,2237,2934,9999",pred_iter_5000,5000,"1000,2237,4934,9999",2237,2934,2237,4934,other_error
124,"1000,2249,2846,9999","1000,2249,2846,9999",pred_iter_5000,5000,"1000,2846,4999,9999",2249,2846,2846,4999,other_error
125,"1000,2279,2773,9999","1000,2279,2773,9999",pred_iter_5000,5000,"1000,2773,8279,9999",2279,2773,2773,8279,other_error
126,"1000,2296,2099,9999","1000,2296,2099,9999",pred_iter_5000,5000,"1000,2299,8996,9999",2296,2099,2299,8996,other_error
127,"1000,2299,2596,9999","1000,2299,2596,9999",pred_iter_5000,5000,"1000,2596,8299,9999",2299,2596,2596,8299,other_error
128,"1000,2310,2013,9999","1000,2310,2013,9999",pred_iter_5000,5000,"1000,2313,4010,9999",2310,2013,2313,4010,other_error
129,"1000,2316,2813,9999","1000,2316,2813,9999",pred_iter_5000,5000,"1000,2813,8813,9999",2316,2813,2813,8813,other_error
130,"1000,2319,2815,9999","1000,2319,2815,9999",pred_iter_5000,5000,"1000,2815,4819,9999",2319,2815,2815,4819,other_error
131,"1000,2323,2921,9999","1000,2323,2921,9999",pred_iter_5000,5000,"1000,2323,8999,9921",2323,2921,2323,8999,other_error
132,"1000,2338,2239,9999","1000,2338,2239,9999",pred_iter_5000,5000,"1000,2239,4999,9999",2338,2239,2239,4999,other_error
134,"1000,2347,2742,9999","1000,2347,2742,9999",pred_iter_5000,5000,"1000,2347,4999,9999",2347,2742,2347,4999,other_error
135,"1000,2354,2651,9999","1000,2354,2651,9999",pred_iter_5000,5000,"1000,2354,4651,9999",2354,2651,2354,4651,other_error
136,"1000,2358,2756,9999","1000,2358,2756,9999",pred_iter_5000,5000,"1000,2358,8999,9999",2358,2756,2358,8999,other_error
137,"1000,2378,2874,9999","1000,2378,2874,9999",pred_iter_5000,5000,"1000,2874,8999,9999",2378,2874,2874,8999,other_error
138,"1000,2385,2288,9999","1000,2385,2288,9999",pred_iter_5000,5000,"1000,2288,8999,9999",2385,2288,2288,8999,other_error
139,"1000,2399,2598,9999","1000,2399,2598,9999",pred_iter_5000,5000,"1000,2598,8999,9999",2399,2598,2598,8999,other_error
140,"1000,2412,2610,9999","1000,2412,2610,9999",pred_iter_5000,5000,"1000,2612,8999,9999",2412,2610,2612,8999,other_error
141,"1000,2419,2616,9999","1000,2419,2616,9999",pred_iter_5000,5000,"1000,2616,4119,9999",2419,2616,2616,4119,other_error
142,"1000,2422,2520,9999","1000,2422,2520,9999",pred_iter_5000,5000,"1000,2522,8999,9999",2422,2520,2522,8999,other_error
145,"1000,2439,2538,9999","1000,2439,2538,9999",pred_iter_5000,5000,"1000,2538,8999,9999",2439,2538,2538,8999,other_error
146,"1000,2445,2346,9999","1000,2445,2346,9999",pred_iter_5000,5000,"1000,2345,8999,9999",2445,2346,2345,8999,other_error
147,"1000,2446,2641,9999","1000,2446,2641,9999",pred_iter_5000,5000,"1000,2646,8999,9999",2446,2641,2646,8999,other_error
149,"1000,2465,2564,9999","1000,2465,2564,9999",pred_iter_5000,5000,"1000,2565,8999,9999",2465,2564,2565,8999,other_error
150,"1000,2474,2079,9999","1000,2474,2079,9999",pred_iter_5000,5000,"1000,2474,8999,9999",2474,2079,2474,8999,other_error
151,"1000,2486,2885,9999","1000,2486,2885,9999",pred_iter_5000,5000,"1000,2885,8999,9999",2486,2885,2885,8999,other_error
152,"1000,2489,2880,9999","1000,2489,2880,9999",pred_iter_5000,5000,"1000,2889,8999,9999",2489,2880,2889,8999,other_error
153,"1000,2489,2988,9999","1000,2489,2988,9999",pred_iter_5000,5000,"1000,2489,8988,9999",2489,2988,2489,8988,other_error
154,"1000,2494,2196,9999","1000,2494,2196,9999",pred_iter_5000,5000,"1000,2196,4994,9999",2494,2196,2196,4994,other_error
155,"1000,2497,2693,9999","1000,2497,2693,9999",pred_iter_5000,5000,"1000,2697,8999,9999",2497,2693,2697,8999,other_error
157,"1000,2498,2399,9999","1000,2498,2399,9999",pred_iter_5000,5000,"1000,2399,2498,9999",2498,2399,2399,2498,other_error
158,"1000,2509,2708,9999","1000,2509,2708,9999",pred_iter_5000,5000,"1000,2509,8999,9999",2509,2708,2509,8999,other_error
159,"1000,2510,2017,9999","1000,2510,2017,9999",pred_iter_5000,5000,"1000,2510,8999,9999",2510,2017,2510,8999,other_error
161,"1000,2528,2329,9999","1000,2528,2329,9999",pred_iter_5000,5000,"1000,2529,8328,9999",2528,2329,2529,8328,other_error
163,"1000,2549,2846,9999","1000,2549,2846,9999",pred_iter_5000,5000,"1000,2549,4999,9999",2549,2846,2549,4999,other_error
164,"1000,2569,2768,9999","1000,2569,2768,9999",pred_iter_5000,5000,"1000,2769,8568,9999",2569,2768,2769,8568,other_error
167,"1000,2585,2680,9999","1000,2585,2680,9999",pred_iter_5000,5000,"1000,2685,8580,9999",2585,2680,2685,8580,other_error
168,"1000,2595,2496,9999","1000,2595,2496,9999",pred_iter_5000,5000,"1000,2496,5995,9999",2595,2496,2496,5995,other_error
169,"1000,2601,2005,9999","1000,2601,2005,9999",pred_iter_5000,5000,"1000,2601,8999,9999",2601,2005,2601,8999,other_error
170,"1000,2611,2412,9999","1000,2611,2412,9999",pred_iter_5000,5000,"1000,2611,8999,9999",2611,2412,2611,8999,other_error
171,"1000,2613,2118,9999","1000,2613,2118,9999",pred_iter_5000,5000,"1000,2118,8999,9999",2613,2118,2118,8999,other_error
172,"1000,2629,2828,9999","1000,2629,2828,9999",pred_iter_5000,5000,"1000,2828,4629,9999",2629,2828,2828,4629,other_error
173,"1000,2637,2734,9999","1000,2637,2734,9999",pred_iter_5000,5000,"1000,2734,8999,9999",2637,2734,2734,8999,other_error
174,"1000,2648,2747,9999","1000,2648,2747,9999",pred_iter_5000,5000,"1000,2648,8999,9999",2648,2747,2648,8999,other_error
175,"1000,2655,2754,9999","1000,2655,2754,9999",pred_iter_5000,5000,"1000,2655,4999,9999",2655,2754,2655,4999,other_error
176,"1000,2665,2269,9999","1000,2665,2269,9999",pred_iter_5000,5000,"1000,2665,4269,9999",2665,2269,2665,4269,other_error
177,"1000,2665,2762,9999","1000,2665,2762,9999",pred_iter_5000,5000,"1000,2762,3665,9999",2665,2762,2762,3665,other_error
178,"1000,2673,2276,9999","1000,2673,2276,9999",pred_iter_5000,5000,"1000,2673,8999,9999",2673,2276,2673,8999,other_error
179,"1000,2673,2579,9999","1000,2673,2579,9999",pred_iter_5000,5000,"1000,2573,8999,9999",2673,2579,2573,8999,other_error
180,"1000,2679,2870,9999","1000,2679,2870,9999",pred_iter_5000,5000,"1000,2879,3970,9999",2679,2870,2879,3970,other_error
181,"1000,2694,2890,9999","1000,2694,2890,9999",pred_iter_5000,5000,"1000,2894,8999,9990",2694,2890,2894,8999,other_error
182,"1000,2698,2796,9999","1000,2698,2796,9999",pred_iter_5000,5000,"1000,2698,8999,9999",2698,2796,2698,8999,other_error
183,"1000,2707,2508,9999","1000,2707,2508,9999",pred_iter_5000,5000,"1000,2508,2707,9999",2707,2508,2508,2707,other_error
184,"1000,2718,2812,9999","1000,2718,2812,9999",pred_iter_5000,5000,"1000,2818,4712,9999",2718,2812,2818,4712,other_error
185,"1000,2721,2523,9999","1000,2721,2523,9999",pred_iter_5000,5000,"1000,2521,8999,9999",2721,2523,2521,8999,other_error
186,"1000,2723,2627,9999","1000,2723,2627,9999",pred_iter_5000,5000,"1000,2627,4999,9999",2723,2627,2627,4999,other_error
187,"1000,2750,2259,9999","1000,2750,2259,9999",pred_iter_5000,5000,"1000,2259,8999,9999",2750,2259,2259,8999,other_error
188,"1000,2754,2559,9999","1000,2754,2559,9999",pred_iter_5000,5000,"1000,2559,8999,9999",2754,2559,2559,8999,other_error
189,"1000,2764,2465,9999","1000,2764,2465,9999",pred_iter_5000,5000,"1000,2465,8999,9999",2764,2465,2465,8999,other_error
190,"1000,2772,2871,9999","1000,2772,2871,9999",pred_iter_5000,5000,"1000,2872,4971,9999",2772,2871,2872,4971,other_error
191,"1000,2782,2688,9999","1000,2782,2688,9999",pred_iter_5000,5000,"1000,2688,8999,9999",2782,2688,2688,8999,other_error
192,"1000,2799,2897,9999","1000,2799,2897,9999",pred_iter_5000,5000,"1000,2899,8997,9999",2799,2897,2899,8997,other_error
193,"1000,2804,2606,9999","1000,2804,2606,9999",pred_iter_5000,5000,"1000,2606,8999,9999",2804,2606,2606,8999,other_error
194,"1000,2804,2607,9999","1000,2804,2607,9999",pred_iter_5000,5000,"1000,2607,8999,9999",2804,2607,2607,8999,other_error
195,"1000,2808,2309,9999","1000,2808,2309,9999",pred_iter_5000,5000,"1000,2309,8999,9999",2808,2309,2309,8999,other_error
196,"1000,2809,2908,9999","1000,2809,2908,9999",pred_iter_5000,5000,"1000,2809,4908,9999",2809,2908,2809,4908,other_error
197,"1000,2817,2618,9999","1000,2817,2618,9999",pred_iter_5000,5000,"1000,2617,4999,9999",2817,2618,2617,4999,other_error
199,"1000,2833,2435,9999","1000,2833,2435,9999",pred_iter_5000,5000,"1000,2435,8999,9999",2833,2435,2435,8999,other_error
200,"1000,2833,2635,9999","1000,2833,2635,9999",pred_iter_5000,5000,"1000,2635,3933,9999",2833,2635,2635,3933,other_error
201,"1000,2838,2639,9999","1000,2838,2639,9999",pred_iter_5000,5000,"1000,2639,8999,9999",2838,2639,2639,8999,other_error
202,"1000,2838,2933,9999","1000,2838,2933,9999",pred_iter_5000,5000,"1000,2838,3933,9999",2838,2933,2838,3933,other_error
203,"1000,2842,2746,9999","1000,2842,2746,9999",pred_iter_5000,5000,"1000,2746,8999,9999",2842,2746,2746,8999,other_error
205,"1000,2848,2649,9999","1000,2848,2649,9999",pred_iter_5000,5000,"1000,2649,2848,9999",2848,2649,2649,2848,other_error
206,"1000,2848,2749,9999","1000,2848,2749,9999",pred_iter_5000,5000,"1000,2749,8999,9999",2848,2749,2749,8999,other_error
207,"1000,2848,2944,9999","1000,2848,2944,9999",pred_iter_5000,5000,"1000,2848,4944,9999",2848,2944,2848,4944,other_error
209,"1000,2850,2651,9999","1000,2850,2651,9999",pred_iter_5000,5000,"1000,2651,4999,9999",2850,2651,2651,4999,other_error
210,"1000,2855,2659,9999","1000,2855,2659,9999",pred_iter_5000,5000,"1000,2855,8999,9999",2855,2659,2855,8999,other_error
211,"1000,2859,2958,9999","1000,2859,2958,9999",pred_iter_5000,5000,"1000,2858,8999,9999",2859,2958,2858,8999,other_error
212,"1000,2863,2269,9999","1000,2863,2269,9999",pred_iter_5000,5000,"1000,2269,2863,9999",2863,2269,2269,2863,other_error
213,"1000,2866,2964,9999","1000,2866,2964,9999",pred_iter_5000,5000,"1000,2866,4964,9999",2866,2964,2866,4964,other_error
215,"1000,2880,2182,9999","1000,2880,2182,9999",pred_iter_5000,5000,"1000,2182,8999,9999",2880,2182,2182,8999,other_error
216,"1000,2880,2188,9999","1000,2880,2188,9999",pred_iter_5000,5000,"1000,2188,2880,9999",2880,2188,2188,2880,other_error
217,"1000,2885,2586,9999","1000,2885,2586,9999",pred_iter_5000,5000,"1000,2586,8885,9999",2885,2586,2586,8885,other_error
218,"1000,2896,2599,9999","1000,2896,2599,9999",pred_iter_5000,5000,"1000,2599,2896,9996",2896,2599,2599,2896,other_error
219,"1000,2897,2993,9999","1000,2897,2993,9999",pred_iter_5000,5000,"1000,2897,8999,9993",2897,2993,2897,8999,other_error
220,"1000,2903,2608,9999","1000,2903,2608,9999",pred_iter_5000,5000,"1000,2608,8999,9999",2903,2608,2608,8999,other_error
221,"1000,2907,2808,9999","1000,2907,2808,9999",pred_iter_5000,5000,"1000,2808,4907,9999",2907,2808,2808,4907,other_error
222,"1000,2923,2624,9999","1000,2923,2624,9999",pred_iter_5000,5000,"1000,2624,2923,9999",2923,2624,2624,2923,other_error
223,"1000,2923,2725,9999","1000,2923,2725,9999",pred_iter_5000,5000,"1000,2725,8999,9999",2923,2725,2725,8999,other_error
224,"1000,2923,2825,9999","1000,2923,2825,9999",pred_iter_5000,5000,"1000,2825,3823,9999",2923,2825,2825,3823,other_error
225,"1000,2954,2655,9999","1000,2954,2655,9999",pred_iter_5000,5000,"1000,2655,8999,9999",2954,2655,2655,8999,other_error
226,"1000,2958,2359,9999","1000,2958,2359,9999",pred_iter_5000,5000,"1000,2359,8999,9999",2958,2359,2359,8999,other_error
227,"1000,2960,2163,9999","1000,2960,2163,9999",pred_iter_5000,5000,"1000,2163,8999,9999",2960,2163,2163,8999,other_error
228,"1000,2960,2268,9999","1000,2960,2268,9999",pred_iter_5000,5000,"1000,2268,8999,9999",2960,2268,2268,8999,other_error
229,"1000,2964,2566,9999","1000,2964,2566,9999",pred_iter_5000,5000,"1000,2566,3964,9999",2964,2566,2566,3964,other_error
230,"1000,2975,2379,9999","1000,2975,2379,9999",pred_iter_5000,5000,"1000,2379,8999,9999",2975,2379,2379,8999,other_error
232,"1000,3058,3757,9999","1000,3058,3757,9999",pred_iter_5000,5000,"1000,3758,3757,9999",3058,3757,3758,3757,other_error
233,"1000,3087,3183,9999","1000,3087,3183,9999",pred_iter_5000,5000,"1000,3187,3083,9999",3087,3183,3187,3083,other_error
234,"1000,3088,3981,9999","1000,3088,3981,9999",pred_iter_5000,5000,"1000,3988,3081,9999",3088,3981,3988,3081,other_error
238,"1000,3163,3961,9999","1000,3163,3961,9999",pred_iter_5000,5000,"1000,3163,8999,9999",3163,3961,3163,8999,other_error
239,"1000,3176,3874,9999","1000,3176,3874,9999",pred_iter_5000,5000,"1000,3874,3176,9999",3176,3874,3874,3176,other_error
240,"1000,3206,3702,9999","1000,3206,3702,9999",pred_iter_5000,5000,"1000,3702,3206,9999",3206,3702,3702,3206,other_error
241,"1000,3207,3806,9999","1000,3207,3806,9999",pred_iter_5000,5000,"1000,3806,3207,9999",3207,3806,3806,3207,other_error
244,"1000,3259,3557,9999","1000,3259,3557,9999",pred_iter_5000,5000,"1000,3559,3257,9999",3259,3557,3559,3257,other_error
245,"1000,3298,3990,9999","1000,3298,3990,9999",pred_iter_5000,5000,"1000,3998,3299,9990",3298,3990,3998,3299,other_error
247,"1000,3308,3806,9999","1000,3308,3806,9999",pred_iter_5000,5000,"1000,3806,3308,9999",3308,3806,3806,3308,other_error
248,"1000,3336,3139,9999","1000,3336,3139,9999",pred_iter_5000,5000,"1000,3139,8336,9999",3336,3139,3139,8336,other_error
251,"1000,3365,3169,9999","1000,3365,3169,9999",pred_iter_5000,5000,"1000,3169,3365,9999",3365,3169,3169,3365,other_error
253,"1000,3379,3575,9999","1000,3379,3575,9999",pred_iter_5000,5000,"1000,3575,3379,9999",3379,3575,3575,3379,other_error
254,"1000,3382,3183,9999","1000,3382,3183,9999",pred_iter_5000,5000,"1000,3183,3382,9999",3382,3183,3183,3382,other_error
255,"1000,3385,3287,9999","1000,3385,3287,9999",pred_iter_5000,5000,"1000,3387,8999,9999",3385,3287,3387,8999,other_error
257,"1000,3403,3802,9999","1000,3403,3802,9999",pred_iter_5000,5000,"1000,3802,3403,9999",3403,3802,3802,3403,other_error
260,"1000,3439,3832,9999","1000,3439,3832,9999",pred_iter_5000,5000,"1000,3832,3439,9999",3439,3832,3832,3439,other_error
261,"1000,3457,3555,9999","1000,3457,3555,9999",pred_iter_5000,5000,"1000,3557,3455,9999",3457,3555,3557,3455,other_error
262,"1000,3458,3956,9999","1000,3458,3956,9999",pred_iter_5000,5000,"1000,3956,3956,9999",3458,3956,3956,3956,other_error
275,"1000,3608,3509,9999","1000,3608,3509,9999",pred_iter_5000,5000,"1000,3508,3609,9999",3608,3509,3508,3609,other_error
276,"1000,3613,3319,9999","1000,3613,3319,9999",pred_iter_5000,5000,"1000,3313,3619,9999",3613,3319,3313,3619,other_error
277,"1000,3617,3318,9999","1000,3617,3318,9999",pred_iter_5000,5000,"1000,3318,3617,9999",3617,3318,3318,3617,other_error
278,"1000,3627,3723,9999","1000,3627,3723,9999",pred_iter_5000,5000,"1000,3727,3623,9999",3627,3723,3727,3623,other_error
279,"1000,3627,3824,9999","1000,3627,3824,9999",pred_iter_5000,5000,"1000,3824,3627,9999",3627,3824,3824,3627,other_error
283,"1000,3641,3146,9999","1000,3641,3146,9999",pred_iter_5000,5000,"1000,3146,3641,9999",3641,3146,3146,3641,other_error
284,"1000,3646,3348,9999","1000,3646,3348,9999",pred_iter_5000,5000,"1000,3348,3646,9999",3646,3348,3348,3646,other_error
285,"1000,3647,3549,9999","1000,3647,3549,9999",pred_iter_5000,5000,"1000,3547,3649,9999",3647,3549,3547,3649,other_error
286,"1000,3649,3742,9999","1000,3649,3742,9999",pred_iter_5000,5000,"1000,3749,3642,9999",3649,3742,3749,3642,other_error
288,"1000,3658,3359,9999","1000,3658,3359,9999",pred_iter_5000,5000,"1000,3359,3658,9999",3658,3359,3359,3658,other_error
290,"1000,3667,3169,9999","1000,3667,3169,9999",pred_iter_5000,5000,"1000,3169,3667,9999",3667,3169,3169,3667,other_error
291,"1000,3685,3388,9999","1000,3685,3388,9999",pred_iter_5000,5000,"1000,3385,3688,9999",3685,3388,3385,3688,other_error
292,"1000,3686,3387,9999","1000,3686,3387,9999",pred_iter_5000,5000,"1000,3387,3686,9999",3686,3387,3387,3686,other_error
294,"1000,3690,3397,9999","1000,3690,3397,9999",pred_iter_5000,5000,"1000,3397,3690,9999",3690,3397,3397,3690,other_error
295,"1000,3702,3408,9999","1000,3702,3408,9999",pred_iter_5000,5000,"1000,3408,3702,9999",3702,3408,3408,3702,other_error
296,"1000,3712,3417,9999","1000,3712,3417,9999",pred_iter_5000,5000,"1000,3417,3712,9999",3712,3417,3417,3712,other_error
297,"1000,3715,3417,9999","1000,3715,3417,9999",pred_iter_5000,5000,"1000,3417,3715,9999",3715,3417,3417,3715,other_error
299,"1000,3723,3325,9999","1000,3723,3325,9999",pred_iter_5000,5000,"1000,3325,3723,9999",3723,3325,3325,3723,other_error
300,"1000,3724,3126,9999","1000,3724,3126,9999",pred_iter_5000,5000,"1000,3126,3724,9999",3724,3126,3126,3724,other_error
302,"1000,3737,3139,9999","1000,3737,3139,9999",pred_iter_5000,5000,"1000,3139,3737,9999",3737,3139,3139,3737,other_error
304,"1000,3742,3549,9999","1000,3742,3549,9999",pred_iter_5000,5000,"1000,3542,3749,9999",3742,3549,3542,3749,other_error
306,"1000,3751,3353,9999","1000,3751,3353,9999",pred_iter_5000,5000,"1000,3353,3351,9999",3751,3353,3353,3351,other_error
307,"1000,3758,3459,9999","1000,3758,3459,9999",pred_iter_5000,5000,"1000,3459,3758,9999",3758,3459,3459,3758,other_error
308,"1000,3759,3857,9999","1000,3759,3857,9999",pred_iter_5000,5000,"1000,3859,3757,9999",3759,3857,3859,3757,other_error
309,"1000,3760,3562,9999","1000,3760,3562,9999",pred_iter_5000,5000,"1000,3562,3760,9999",3760,3562,3562,3760,other_error
310,"1000,3769,3862,9999","1000,3769,3862,9999",pred_iter_5000,5000,"1000,3869,3769,9999",3769,3862,3869,3769,other_error
311,"1000,3769,3868,9999","1000,3769,3868,9999",pred_iter_5000,5000,"1000,3868,3769,9999",3769,3868,3868,3769,other_error
312,"1000,3772,3074,9999","1000,3772,3074,9999",pred_iter_5000,5000,"1000,3772,3774,9999",3772,3074,3772,3774,other_error
313,"1000,3787,3289,9999","1000,3787,3289,9999",pred_iter_5000,5000,"1000,3787,8999,9999",3787,3289,3787,8999,other_error
314,"1000,3787,3884,9999","1000,3787,3884,9999",pred_iter_5000,5000,"1000,3887,3884,9999",3787,3884,3887,3884,other_error
318,"1000,3823,3725,9999","1000,3823,3725,9999",pred_iter_5000,5000,"1000,3725,3823,9999",3823,3725,3725,3823,other_error
320,"1000,3830,3338,9999","1000,3830,3338,9999",pred_iter_5000,5000,"1000,3338,3830,9999",3830,3338,3338,3830,other_error
324,"1000,3847,3549,9999","1000,3847,3549,9999",pred_iter_5000,5000,"1000,3549,3847,9999",3847,3549,3549,3847,other_error
328,"1000,3850,3259,9999","1000,3850,3259,9999",pred_iter_5000,5000,"1000,3259,3850,9999",3850,3259,3259,3850,other_error
329,"1000,3862,3666,9999","1000,3862,3666,9999",pred_iter_5000,5000,"1000,3666,3862,9999",3862,3666,3666,3862,other_error
335,"1000,3878,3179,9999","1000,3878,3179,9999",pred_iter_5000,5000,"1000,3179,3878,9999",3878,3179,3179,3878,other_error
338,"1000,3897,3798,9999","1000,3897,3798,9999",pred_iter_5000,5000,"1000,3798,3897,9999",3897,3798,3798,3897,other_error
339,"1000,3907,3709,9999","1000,3907,3709,9999",pred_iter_5000,5000,"1000,3709,3907,9999",3907,3709,3709,3907,other_error
340,"1000,3908,3809,9999","1000,3908,3809,9999",pred_iter_5000,5000,"1000,3808,3909,9999",3908,3809,3808,3909,other_error
341,"1000,3911,3517,9999","1000,3911,3517,9999",pred_iter_5000,5000,"1000,3517,3911,9999",3911,3517,3517,3911,other_error
342,"1000,3913,3119,9999","1000,3913,3119,9999",pred_iter_5000,5000,"1000,3113,8999,9999",3913,3119,3113,8999,other_error
343,"1000,3915,3819,9999","1000,3915,3819,9999",pred_iter_5000,5000,"1000,3815,3919,9999",3915,3819,3815,3919,other_error
344,"1000,3922,3823,9999","1000,3922,3823,9999",pred_iter_5000,5000,"1000,3823,8999,9999",3922,3823,3823,8999,other_error
345,"1000,3922,3824,9999","1000,3922,3824,9999",pred_iter_5000,5000,"1000,3824,3922,9999",3922,3824,3824,3922,other_error
346,"1000,3924,3825,9999","1000,3924,3825,9999",pred_iter_5000,5000,"1000,3824,3925,9999",3924,3825,3824,3925,other_error
347,"1000,3926,3328,9999","1000,3926,3328,9999",pred_iter_5000,5000,"1000,3328,3926,9999",3926,3328,3328,3926,other_error
348,"1000,3932,3838,9999","1000,3932,3838,9999",pred_iter_5000,5000,"1000,3838,3932,9999",3932,3838,3838,3932,other_error
349,"1000,3935,3636,9999","1000,3935,3636,9999",pred_iter_5000,5000,"1000,3636,3935,9999",3935,3636,3636,3935,other_error
350,"1000,3937,3839,9999","1000,3937,3839,9999",pred_iter_5000,5000,"1000,3839,3937,9999",3937,3839,3839,3937,other_error
351,"1000,3940,3846,9999","1000,3940,3846,9999",pred_iter_5000,5000,"1000,3846,3940,9999",3940,3846,3846,3940,other_error
352,"1000,3946,3447,9999","1000,3946,3447,9999",pred_iter_5000,5000,"1000,3447,3946,9999",3946,3447,3447,3946,other_error
353,"1000,3947,3149,9999","1000,3947,3149,9999",pred_iter_5000,5000,"1000,3149,8999,9999",3947,3149,3149,8999,other_error
354,"1000,3950,3852,9999","1000,3950,3852,9999",pred_iter_5000,5000,"1000,3852,8999,9999",3950,3852,3852,8999,other_error
355,"1000,3963,3868,9999","1000,3963,3868,9999",pred_iter_5000,5000,"1000,3868,3963,9999",3963,3868,3868,3963,other_error
356,"1000,3971,3376,9999","1000,3971,3376,9999",pred_iter_5000,5000,"1000,3376,3971,9999",3971,3376,3376,3971,other_error
357,"1000,3980,3781,9999","1000,3980,3781,9999",pred_iter_5000,5000,"1000,3781,3980,9999",3980,3781,3781,3980,other_error
358,"1000,3986,3888,9999","1000,3986,3888,9999",pred_iter_5000,5000,"1000,3888,3986,9999",3986,3888,3888,3986,other_error
359,"1000,3990,3892,9999","1000,3990,3892,9999",pred_iter_5000,5000,"1000,3892,8999,9990",3990,3892,3892,8999,other_error
360,"1000,3991,3898,9999","1000,3991,3898,9999",pred_iter_5000,5000,"1000,3898,8999,9991",3991,3898,3898,8999,other_error
361,"1000,4008,4605,9999","1000,4008,4605,9999",pred_iter_5000,5000,"1000,4605,8999,9999",4008,4605,4605,8999,other_error
362,"1000,4017,4812,9999","1000,4017,4812,9999",pred_iter_5000,5000,"1000,4817,8812,9999",4017,4812,4817,8812,other_error
363,"1000,4026,4122,9999","1000,4026,4122,9999",pred_iter_5000,5000,"1000,4126,8999,9999",4026,4122,4126,8999,other_error
364,"1000,4059,4754,9999","1000,4059,4754,9999",pred_iter_5000,5000,"1000,4754,6959,9999",4059,4754,4754,6959,other_error
365,"1000,4069,4362,9999","1000,4069,4362,9999",pred_iter_5000,5000,"1000,4362,8999,9999",4069,4362,4362,8999,other_error
366,"1000,4078,4375,9999","1000,4078,4375,9999",pred_iter_5000,5000,"1000,4375,8999,9999",4078,4375,4375,8999,other_error
367,"1000,4107,4906,9999","1000,4107,4906,9999",pred_iter_5000,5000,"1000,4107,8906,9999",4107,4906,4107,8906,other_error
368,"1000,4117,4516,9999","1000,4117,4516,9999",pred_iter_5000,5000,"1000,4117,8999,9999",4117,4516,4117,8999,other_error
369,"1000,4129,4328,9999","1000,4129,4328,9999",pred_iter_5000,5000,"1000,4129,8328,9999",4129,4328,4129,8328,other_error
370,"1000,4138,4937,9999","1000,4138,4937,9999",pred_iter_5000,5000,"1000,4138,8937,9999",4138,4937,4138,8937,other_error
371,"1000,4139,4238,9999","1000,4139,4238,9999",pred_iter_5000,5000,"1000,4138,8999,9999",4139,4238,4138,8999,other_error
372,"1000,4145,4047,9999","1000,4145,4047,9999",pred_iter_5000,5000,"1000,4147,8999,9999",4145,4047,4147,8999,other_error
373,"1000,4148,4947,9999","1000,4148,4947,9999",pred_iter_5000,5000,"1000,4148,8999,9947",4148,4947,4148,8999,other_error
374,"1000,4159,4458,9999","1000,4159,4458,9999",pred_iter_5000,5000,"1000,4458,8999,9999",4159,4458,4458,8999,other_error
375,"1000,4167,4760,9999","1000,4167,4760,9999",pred_iter_5000,5000,"1000,4167,8999,9999",4167,4760,4167,8999,other_error
376,"1000,4168,4363,9999","1000,4168,4363,9999",pred_iter_5000,5000,"1000,4168,8999,9999",4168,4363,4168,8999,other_error
377,"1000,4208,4704,9999","1000,4208,4704,9999",pred_iter_5000,5000,"1000,4704,6908,9999",4208,4704,4704,6908,other_error
378,"1000,4222,4420,9999","1000,4222,4420,9999",pred_iter_5000,5000,"1000,4422,6999,9999",4222,4420,4422,6999,other_error
379,"1000,4238,4933,9999","1000,4238,4933,9999",pred_iter_5000,5000,"1000,4238,6933,9999",4238,4933,4238,6933,other_error
380,"1000,4246,4341,9999","1000,4246,4341,9999",pred_iter_5000,5000,"1000,4346,6999,9999",4246,4341,4346,6999,other_error
381,"1000,4271,4077,9999","1000,4271,4077,9999",pred_iter_5000,5000,"1000,4277,6971,9999",4271,4077,4277,6971,other_error
382,"1000,4277,4675,9999","1000,4277,4675,9999",pred_iter_5000,5000,"1000,4675,8999,9999",4277,4675,4675,8999,other_error
383,"1000,4294,4492,9999","1000,4294,4492,9999",pred_iter_5000,5000,"1000,4494,6292,9999",4294,4492,4494,6292,other_error
384,"1000,4317,4613,9999","1000,4317,4613,9999",pred_iter_5000,5000,"1000,4317,8999,9999",4317,4613,4317,8999,other_error
385,"1000,4317,4816,9999","1000,4317,4816,9999",pred_iter_5000,5000,"1000,4817,8999,9999",4317,4816,4817,8999,other_error
386,"1000,4338,4635,9999","1000,4338,4635,9999",pred_iter_5000,5000,"1000,4338,8999,9999",4338,4635,4338,8999,other_error
387,"1000,4340,4244,9999","1000,4340,4244,9999",pred_iter_5000,5000,"1000,4344,8999,9999",4340,4244,4344,8999,other_error
388,"1000,4354,4451,9999","1000,4354,4451,9999",pred_iter_5000,5000,"1000,4454,8999,9999",4354,4451,4454,8999,other_error
389,"1000,4357,4158,9999","1000,4357,4158,9999",pred_iter_5000,5000,"1000,4158,8999,9999",4357,4158,4158,8999,other_error
390,"1000,4375,4774,9999","1000,4375,4774,9999",pred_iter_5000,5000,"1000,4375,7774,9999",4375,4774,4375,7774,other_error
391,"1000,4387,4088,9999","1000,4387,4088,9999",pred_iter_5000,5000,"1000,4387,6999,9999",4387,4088,4387,6999,other_error
392,"1000,4387,4484,9999","1000,4387,4484,9999",pred_iter_5000,5000,"1000,4487,8999,9999",4387,4484,4487,8999,other_error
393,"1000,4397,4992,9999","1000,4397,4992,9999",pred_iter_5000,5000,"1000,4397,6992,9999",4397,4992,4397,6992,other_error
394,"1000,4408,4900,9999","1000,4408,4900,9999",pred_iter_5000,5000,"1000,4408,6900,9999",4408,4900,4408,6900,other_error
395,"1000,4417,4714,9999","1000,4417,4714,9999",pred_iter_5000,5000,"1000,4417,6914,9999",4417,4714,4417,6914,other_error
396,"1000,4419,4517,9999","1000,4419,4517,9999",pred_iter_5000,5000,"1000,4519,8999,9999",4419,4517,4519,8999,other_error
397,"1000,4420,4228,9999","1000,4420,4228,9999",pred_iter_5000,5000,"1000,4428,8999,9999",4420,4228,4428,8999,other_error
398,"1000,4436,4832,9999","1000,4436,4832,9999",pred_iter_5000,5000,"1000,4836,8932,9999",4436,4832,4836,8932,other_error
399,"1000,4436,4934,9999","1000,4436,4934,9999",pred_iter_5000,5000,"1000,4436,8934,9999",4436,4934,4436,8934,other_error
400,"1000,4445,4248,9999","1000,4445,4248,9999",pred_iter_5000,5000,"1000,4448,8999,9999",4445,4248,4448,8999,other_error
401,"1000,4453,4256,9999","1000,4453,4256,9999",pred_iter_5000,5000,"1000,4456,6999,9999",4453,4256,4456,6999,other_error
402,"1000,4471,4272,9999","1000,4471,4272,9999",pred_iter_5000,5000,"1000,4472,6971,9999",4471,4272,4472,6971,other_error
403,"1000,4488,4786,9999","1000,4488,4786,9999",pred_iter_5000,5000,"1000,4488,7886,9999",4488,4786,4488,7886,other_error
404,"1000,4498,4299,9999","1000,4498,4299,9999",pred_iter_5000,5000,"1000,4499,7998,9999",4498,4299,4499,7998,other_error
405,"1000,4504,4305,9999","1000,4504,4305,9999",pred_iter_5000,5000,"1000,4505,8999,9999",4504,4305,4505,8999,other_error
406,"1000,4512,4017,9999","1000,4512,4017,9999",pred_iter_5000,5000,"1000,4512,6999,9999",4512,4017,4512,6999,other_error
407,"1000,4514,4911,9999","1000,4514,4911,9999",pred_iter_5000,5000,"1000,4514,7911,9999",4514,4911,4514,7911,other_error
408,"1000,4527,4328,9999","1000,4527,4328,9999",pred_iter_5000,5000,"1000,4528,8999,9999",4527,4328,4528,8999,other_error
410,"1000,4539,4836,9999","1000,4539,4836,9999",pred_iter_5000,5000,"1000,4539,6936,9999",4539,4836,4539,6936,other_error
411,"1000,4540,4241,9999","1000,4540,4241,9999",pred_iter_5000,5000,"1000,4241,4540,9999",4540,4241,4241,4540,other_error
412,"1000,4561,4468,9999","1000,4561,4468,9999",pred_iter_5000,5000,"1000,4468,4561,9999",4561,4468,4468,4561,other_error
413,"1000,4563,4069,9999","1000,4563,4069,9999",pred_iter_5000,5000,"1000,4563,8999,9999",4563,4069,4563,8999,other_error
414,"1000,4594,4195,9999","1000,4594,4195,9999",pred_iter_5000,5000,"1000,4594,7999,9995",4594,4195,4594,7999,other_error
415,"1000,4595,4498,9999","1000,4595,4498,9999",pred_iter_5000,5000,"1000,4498,8995,9999",4595,4498,4498,8995,other_error
416,"1000,4602,4207,9999","1000,4602,4207,9999",pred_iter_5000,5000,"1000,4602,7902,9999",4602,4207,4602,7902,other_error
418,"1000,4618,4817,9999","1000,4618,4817,9999",pred_iter_5000,5000,"1000,4817,4618,9999",4618,4817,4817,4618,other_error
419,"1000,4620,4227,9999","1000,4620,4227,9999",pred_iter_5000,5000,"1000,4627,6220,9999",4620,4227,4627,6220,other_error
420,"1000,4621,4528,9999","1000,4621,4528,9999",pred_iter_5000,5000,"1000,4521,8999,9999",4621,4528,4521,8999,other_error
421,"1000,4626,4820,9999","1000,4626,4820,9999",pred_iter_5000,5000,"1000,4626,8999,9999",4626,4820,4626,8999,other_error
422,"1000,4662,4469,9999","1000,4662,4469,9999",pred_iter_5000,5000,"1000,4469,8999,9999",4662,4469,4469,8999,other_error
423,"1000,4664,4165,9999","1000,4664,4165,9999",pred_iter_5000,5000,"1000,4165,8999,9999",4664,4165,4165,8999,other_error
424,"1000,4727,4825,9999","1000,4727,4825,9999",pred_iter_5000,5000,"1000,4827,4725,9999",4727,4825,4827,4725,other_error
425,"1000,4754,4558,9999","1000,4754,4558,9999",pred_iter_5000,5000,"1000,4558,8999,9999",4754,4558,4558,8999,other_error
426,"1000,4763,4664,9999","1000,4763,4664,9999",pred_iter_5000,5000,"1000,4664,4763,9999",4763,4664,4664,4763,other_error
427,"1000,4767,4269,9999","1000,4767,4269,9999",pred_iter_5000,5000,"1000,4269,4767,9999",4767,4269,4269,4767,other_error
429,"1000,4808,4609,9999","1000,4808,4609,9999",pred_iter_5000,5000,"1000,4608,7909,9999",4808,4609,4608,7909,other_error
431,"1000,4820,4725,9999","1000,4820,4725,9999",pred_iter_5000,5000,"1000,4825,7220,9999",4820,4725,4825,7220,other_error
432,"1000,4821,4525,9999","1000,4821,4525,9999",pred_iter_5000,5000,"1000,4825,7999,9999",4821,4525,4825,7999,other_error
434,"1000,4846,4548,9999","1000,4846,4548,9999",pred_iter_5000,5000,"1000,4548,6999,9999",4846,4548,4548,6999,other_error
435,"1000,4847,4549,9999","1000,4847,4549,9999",pred_iter_5000,5000,"1000,4549,6999,9999",4847,4549,4549,6999,other_error
436,"1000,4855,4952,9999","1000,4855,4952,9999",pred_iter_5000,5000,"1000,4855,8999,9952",4855,4952,4855,8999,other_error
437,"1000,4857,4658,9999","1000,4857,4658,9999",pred_iter_5000,5000,"1000,4858,8999,9999",4857,4658,4858,8999,other_error
438,"1000,4857,4956,9999","1000,4857,4956,9999",pred_iter_5000,5000,"1000,4857,7999,9999",4857,4956,4857,7999,other_error
439,"1000,4878,4977,9999","1000,4878,4977,9999",pred_iter_5000,5000,"1000,4878,8977,9999",4878,4977,4878,8977,other_error
440,"1000,4886,4089,9999","1000,4886,4089,9999",pred_iter_5000,5000,"1000,4886,6089,9999",4886,4089,4886,6089,other_error
441,"1000,4887,4983,9999","1000,4887,4983,9999",pred_iter_5000,5000,"1000,4887,8983,9999",4887,4983,4887,8983,other_error
442,"1000,4888,4589,9999","1000,4888,4589,9999",pred_iter_5000,5000,"1000,4589,6988,9999",4888,4589,4589,6988,other_error
443,"1000,4890,4791,9999","1000,4890,4791,9999",pred_iter_5000,5000,"1000,4891,6999,9990",4890,4791,4891,6999,other_error
444,"1000,4892,4599,9999","1000,4892,4599,9999",pred_iter_5000,5000,"1000,4599,8892,9999",4892,4599,4599,8892,other_error
445,"1000,4895,4993,9999","1000,4895,4993,9999",pred_iter_5000,5000,"1000,4893,8995,9999",4895,4993,4893,8995,other_error
446,"1000,4901,4803,9999","1000,4901,4803,9999",pred_iter_5000,5000,"1000,4801,8999,9999",4901,4803,4801,8999,other_error
447,"1000,4907,4708,9999","1000,4907,4708,9999",pred_iter_5000,5000,"1000,4708,8999,9999",4907,4708,4708,8999,other_error
448,"1000,4908,4809,9999","1000,4908,4809,9999",pred_iter_5000,5000,"1000,4809,8999,9908",4908,4809,4809,8999,other_error
449,"1000,4914,4015,9999","1000,4914,4015,9999",pred_iter_5000,5000,"1000,4914,7999,9914",4914,4015,4914,7999,other_error
450,"1000,4923,4827,9999","1000,4923,4827,9999",pred_iter_5000,5000,"1000,4827,7999,9923",4923,4827,4827,7999,other_error
451,"1000,4925,4626,9999","1000,4925,4626,9999",pred_iter_5000,5000,"1000,4626,8999,9925",4925,4626,4626,8999,other_error
452,"1000,4944,4847,9999","1000,4944,4847,9999",pred_iter_5000,5000,"1000,4847,7999,9944",4944,4847,4847,7999,other_error
453,"1000,4958,4059,9999","1000,4958,4059,9999",pred_iter_5000,5000,"1000,4958,6999,9999",4958,4059,4958,6999,other_error
454,"1000,4961,4865,9999","1000,4961,4865,9999",pred_iter_5000,5000,"1000,4865,8999,9999",4961,4865,4865,8999,other_error
455,"1000,4965,4768,9999","1000,4965,4768,9999",pred_iter_5000,5000,"1000,4768,6965,9999",4965,4768,4768,6965,other_error
456,"1000,4973,4576,9999","1000,4973,4576,9999",pred_iter_5000,5000,"1000,4576,8973,9999",4973,4576,4576,8973,other_error
457,"1000,4973,4774,9999","1000,4973,4774,9999",pred_iter_5000,5000,"1000,4774,8973,9999",4973,4774,4774,8973,other_error
458,"1000,4976,4778,9999","1000,4976,4778,9999",pred_iter_5000,5000,"1000,4778,8976,9999",4976,4778,4778,8976,other_error
459,"1000,4987,4288,9999","1000,4987,4288,9999",pred_iter_5000,5000,"1000,4987,8988,9999",4987,4288,4987,8988,other_error
460,"1000,4988,4289,9999","1000,4988,4289,9999",pred_iter_5000,5000,"1000,4988,8989,9999",4988,4289,4988,8989,other_error
461,"1000,4990,4791,9999","1000,4990,4791,9999",pred_iter_5000,5000,"1000,4791,7999,9990",4990,4791,4791,7999,other_error
462,"1000,4990,4799,9999","1000,4990,4799,9999",pred_iter_5000,5000,"1000,4799,7990,9990",4990,4799,4799,7990,other_error
463,"1000,4997,4699,9999","1000,4997,4699,9999",pred_iter_5000,5000,"1000,4699,4997,9999",4997,4699,4699,4997,other_error
464,"1000,4997,4799,9999","1000,4997,4799,9999",pred_iter_5000,5000,"1000,4799,7997,9999",4997,4799,4799,7997,other_error
465,"1000,5024,5621,9999","1000,5024,5621,9999",pred_iter_5000,5000,"1000,5621,8999,9999",5024,5621,5621,8999,other_error
466,"1000,5052,5550,9999","1000,5052,5550,9999",pred_iter_5000,5000,"1000,5550,8052,9999",5052,5550,5550,8052,other_error
467,"1000,5121,5023,9999","1000,5121,5023,9999",pred_iter_5000,5000,"1000,5123,7999,9999",5121,5023,5123,7999,other_error
468,"1000,5138,5430,9999","1000,5138,5430,9999",pred_iter_5000,5000,"1000,5138,8999,9999",5138,5430,5138,8999,other_error
469,"1000,5147,5743,9999","1000,5147,5743,9999",pred_iter_5000,5000,"1000,5147,8999,9999",5147,5743,5147,8999,other_error
470,"1000,5155,5750,9999","1000,5155,5750,9999",pred_iter_5000,5000,"1000,5155,8999,9999",5155,5750,5155,8999,other_error
471,"1000,5178,5876,9999","1000,5178,5876,9999",pred_iter_5000,5000,"1000,5178,8999,9999",5178,5876,5178,8999,other_error
472,"1000,5183,5782,9999","1000,5183,5782,9999",pred_iter_5000,5000,"1000,5183,7882,9999",5183,5782,5183,7882,other_error
473,"1000,5198,5597,9999","1000,5198,5597,9999",pred_iter_5000,5000,"1000,5198,8597,9999",5198,5597,5198,8597,other_error
474,"1000,5204,5107,9999","1000,5204,5107,9999",pred_iter_5000,5000,"1000,5104,8207,9999",5204,5107,5104,8207,other_error
475,"1000,5209,5507,9999","1000,5209,5507,9999",pred_iter_5000,5000,"1000,5509,8999,9999",5209,5507,5509,8999,other_error
476,"1000,5210,5015,9999","1000,5210,5015,9999",pred_iter_5000,5000,"1000,5215,8999,9999",5210,5015,5215,8999,other_error
477,"1000,5210,5118,9999","1000,5210,5118,9999",pred_iter_5000,5000,"1000,5118,8999,9999",5210,5118,5118,8999,other_error
478,"1000,5224,5620,9999","1000,5224,5620,9999",pred_iter_5000,5000,"1000,5624,7999,9999",5224,5620,5624,7999,other_error
479,"1000,5239,5738,9999","1000,5239,5738,9999",pred_iter_5000,5000,"1000,5739,8238,9999",5239,5738,5739,8238,other_error
480,"1000,5247,5541,9999","1000,5247,5541,9999",pred_iter_5000,5000,"1000,5547,8999,9999",5247,5541,5547,8999,other_error
481,"1000,5264,5068,9999","1000,5264,5068,9999",pred_iter_5000,5000,"1000,5268,8999,9999",5264,5068,5268,8999,other_error
482,"1000,5287,5189,9999","1000,5287,5189,9999",pred_iter_5000,5000,"1000,5187,8999,9999",5287,5189,5187,8999,other_error
483,"1000,5309,5706,9999","1000,5309,5706,9999",pred_iter_5000,5000,"1000,5309,8706,9999",5309,5706,5309,8706,other_error
484,"1000,5338,5139,9999","1000,5338,5139,9999",pred_iter_5000,5000,"1000,5139,7999,9999",5338,5139,5139,7999,other_error
485,"1000,5338,5532,9999","1000,5338,5532,9999",pred_iter_5000,5000,"1000,5338,8532,9999",5338,5532,5338,8532,other_error
486,"1000,5339,5938,9999","1000,5339,5938,9999",pred_iter_5000,5000,"1000,5339,8938,9999",5339,5938,5339,8938,other_error
487,"1000,5355,5258,9999","1000,5355,5258,9999",pred_iter_5000,5000,"1000,5358,8255,9999",5355,5258,5358,8255,other_error
488,"1000,5355,5453,9999","1000,5355,5453,9999",pred_iter_5000,5000,"1000,5355,7453,9999",5355,5453,5355,7453,other_error
489,"1000,5359,5858,9999","1000,5359,5858,9999",pred_iter_5000,5000,"1000,5359,8858,9999",5359,5858,5359,8858,other_error
490,"1000,5379,5877,9999","1000,5379,5877,9999",pred_iter_5000,5000,"1000,5379,8877,9999",5379,5877,5379,8877,other_error
491,"1000,5397,5990,9999","1000,5397,5990,9999",pred_iter_5000,5000,"1000,5397,8999,9990",5397,5990,5397,8999,other_error
492,"1000,5398,5797,9999","1000,5398,5797,9999",pred_iter_5000,5000,"1000,5398,8797,9999",5398,5797,5398,8797,other_error
493,"1000,5409,5608,9999","1000,5409,5608,9999",pred_iter_5000,5000,"1000,5608,8999,9999",5409,5608,5608,8999,other_error
494,"1000,5410,5313,9999","1000,5410,5313,9999",pred_iter_5000,5000,"1000,5313,7410,9999",5410,5313,5313,7410,other_error
495,"1000,5423,5126,9999","1000,5423,5126,9999",pred_iter_5000,5000,"1000,5126,8999,9999",5423,5126,5126,8999,other_error
496,"1000,5425,5522,9999","1000,5425,5522,9999",pred_iter_5000,5000,"1000,5525,7422,9999",5425,5522,5525,7422,other_error
497,"1000,5437,5038,9999","1000,5437,5038,9999",pred_iter_5000,5000,"1000,5437,7999,9999",5437,5038,5437,7999,other_error
498,"1000,5439,5834,9999","1000,5439,5834,9999",pred_iter_5000,5000,"1000,5834,8939,9999",5439,5834,5834,8939,other_error
499,"1000,5475,5276,9999","1000,5475,5276,9999",pred_iter_5000,5000,"1000,5476,8275,9999",5475,5276,5476,8275,other_error
500,"1000,5478,5677,9999","1000,5478,5677,9999",pred_iter_5000,5000,"1000,5678,7977,9999",5478,5677,5678,7977,other_error
501,"1000,5486,5783,9999","1000,5486,5783,9999",pred_iter_5000,5000,"1000,5483,8999,9999",5486,5783,5483,8999,other_error
502,"1000,5505,5803,9999","1000,5505,5803,9999",pred_iter_5000,5000,"1000,5505,8999,9999",5505,5803,5505,8999,other_error
503,"1000,5526,5821,9999","1000,5526,5821,9999",pred_iter_5000,5000,"1000,5526,8821,9999",5526,5821,5526,8821,other_error
504,"1000,5530,5433,9999","1000,5530,5433,9999",pred_iter_5000,5000,"1000,5433,7930,9999",5530,5433,5433,7930,other_error
505,"1000,5544,5449,9999","1000,5544,5449,9999",pred_iter_5000,5000,"1000,5449,8544,9999",5544,5449,5449,8544,other_error
506,"1000,5557,5854,9999","1000,5557,5854,9999",pred_iter_5000,5000,"1000,5557,8999,9999",5557,5854,5557,8999,other_error
507,"1000,5558,5656,9999","1000,5558,5656,9999",pred_iter_5000,5000,"1000,5556,8558,9999",5558,5656,5556,8558,other_error
508,"1000,5558,5757,9999","1000,5558,5757,9999",pred_iter_5000,5000,"1000,5558,8999,9999",5558,5757,5558,8999,other_error
509,"1000,5572,5179,9999","1000,5572,5179,9999",pred_iter_5000,5000,"1000,5179,7999,9999",5572,5179,5179,7999,other_error
510,"1000,5579,5875,9999","1000,5579,5875,9999",pred_iter_5000,5000,"1000,5579,8875,9999",5579,5875,5579,8875,other_error
511,"1000,5587,5780,9999","1000,5587,5780,9999",pred_iter_5000,5000,"1000,5587,8780,9999",5587,5780,5587,8780,other_error
512,"1000,5599,5795,9999","1000,5599,5795,9999",pred_iter_5000,5000,"1000,5599,7995,9999",5599,5795,5599,7995,other_error
513,"1000,5601,5507,9999","1000,5601,5507,9999",pred_iter_5000,5000,"1000,5601,7999,9999",5601,5507,5601,7999,other_error
514,"1000,5607,5508,9999","1000,5607,5508,9999",pred_iter_5000,5000,"1000,5508,8999,9999",5607,5508,5508,8999,other_error
515,"1000,5619,5818,9999","1000,5619,5818,9999",pred_iter_5000,5000,"1000,5618,8818,9999",5619,5818,5618,8818,other_error
516,"1000,5627,5825,9999","1000,5627,5825,9999",pred_iter_5000,5000,"1000,5627,8999,9999",5627,5825,5627,8999,other_error
517,"1000,5633,5137,9999","1000,5633,5137,9999",pred_iter_5000,5000,"1000,5137,8999,9999",5633,5137,5137,8999,other_error
518,"1000,5638,5932,9999","1000,5638,5932,9999",pred_iter_5000,5000,"1000,5638,7932,9999",5638,5932,5638,7932,other_error
519,"1000,5648,5844,9999","1000,5648,5844,9999",pred_iter_5000,5000,"1000,5844,7999,9999",5648,5844,5844,7999,other_error
520,"1000,5662,5568,9999","1000,5662,5568,9999",pred_iter_5000,5000,"1000,5568,8662,9999",5662,5568,5568,8662,other_error
521,"1000,5669,5868,9999","1000,5669,5868,9999",pred_iter_5000,5000,"1000,5669,8668,9999",5669,5868,5669,8668,other_error
522,"1000,5688,5986,9999","1000,5688,5986,9999",pred_iter_5000,5000,"1000,5688,8986,9999",5688,5986,5688,8986,other_error
523,"1000,5689,5885,9999","1000,5689,5885,9999",pred_iter_5000,5000,"1000,5689,8885,9999",5689,5885,5689,8885,other_error
524,"1000,5694,5096,9999","1000,5694,5096,9999",pred_iter_5000,5000,"1000,5696,7994,9999",5694,5096,5696,7994,other_error
525,"1000,5695,5396,9999","1000,5695,5396,9999",pred_iter_5000,5000,"1000,5396,8695,9999",5695,5396,5396,8695,other_error
526,"1000,5699,5997,9999","1000,5699,5997,9999",pred_iter_5000,5000,"1000,5699,8997,9999",5699,5997,5699,8997,other_error
527,"1000,5701,5105,9999","1000,5701,5105,9999",pred_iter_5000,5000,"1000,5105,7901,9999",5701,5105,5105,7901,other_error
528,"1000,5702,5607,9999","1000,5702,5607,9999",pred_iter_5000,5000,"1000,5607,7002,9999",5702,5607,5607,7002,other_error
529,"1000,5727,5825,9999","1000,5727,5825,9999",pred_iter_5000,5000,"1000,5825,8999,9999",5727,5825,5825,8999,other_error
530,"1000,5742,5044,9999","1000,5742,5044,9999",pred_iter_5000,5000,"1000,5742,8999,9999",5742,5044,5742,8999,other_error
531,"1000,5747,5249,9999","1000,5747,5249,9999",pred_iter_5000,5000,"1000,5747,7449,9999",5747,5249,5747,7449,other_error
532,"1000,5755,5659,9999","1000,5755,5659,9999",pred_iter_5000,5000,"1000,5659,7999,9999",5755,5659,5659,7999,other_error
533,"1000,5758,5559,9999","1000,5758,5559,9999",pred_iter_5000,5000,"1000,5558,7999,9999",5758,5559,5558,7999,other_error
534,"1000,5768,5369,9999","1000,5768,5369,9999",pred_iter_5000,5000,"1000,5369,8999,9999",5768,5369,5369,8999,other_error
535,"1000,5768,5469,9999","1000,5768,5469,9999",pred_iter_5000,5000,"1000,5469,8768,9999",5768,5469,5469,8768,other_error
536,"1000,5769,5866,9999","1000,5769,5866,9999",pred_iter_5000,5000,"1000,5866,8999,9999",5769,5866,5866,8999,other_error
537,"1000,5777,5578,9999","1000,5777,5578,9999",pred_iter_5000,5000,"1000,5578,7777,9999",5777,5578,5578,7777,other_error
538,"1000,5805,5306,9999","1000,5805,5306,9999",pred_iter_5000,5000,"1000,5306,7999,9999",5805,5306,5306,7999,other_error
539,"1000,5811,5719,9999","1000,5811,5719,9999",pred_iter_5000,5000,"1000,5819,8811,9999",5811,5719,5819,8811,other_error
540,"1000,5813,5017,9999","1000,5813,5017,9999",pred_iter_5000,5000,"1000,5817,8013,9999",5813,5017,5817,8013,other_error
541,"1000,5814,5518,9999","1000,5814,5518,9999",pred_iter_5000,5000,"1000,5518,7999,9999",5814,5518,5518,7999,other_error
542,"1000,5817,5912,9999","1000,5817,5912,9999",pred_iter_5000,5000,"1000,5812,5817,9999",5817,5912,5812,5817,other_error
543,"1000,5825,5626,9999","1000,5825,5626,9999",pred_iter_5000,5000,"1000,5626,7999,9999",5825,5626,5626,7999,other_error
544,"1000,5828,5926,9999","1000,5828,5926,9999",pred_iter_5000,5000,"1000,5826,7928,9999",5828,5926,5826,7928,other_error
545,"1000,5829,5923,9999","1000,5829,5923,9999",pred_iter_5000,5000,"1000,5829,7923,9999",5829,5923,5829,7923,other_error
546,"1000,5836,5139,9999","1000,5836,5139,9999",pred_iter_5000,5000,"1000,5139,8999,9999",5836,5139,5139,8999,other_error
547,"1000,5842,5145,9999","1000,5842,5145,9999",pred_iter_5000,5000,"1000,5145,8999,9999",5842,5145,5145,8999,other_error
548,"1000,5846,5945,9999","1000,5846,5945,9999",pred_iter_5000,5000,"1000,5845,8946,9999",5846,5945,5845,8946,other_error
549,"1000,5847,5648,9999","1000,5847,5648,9999",pred_iter_5000,5000,"1000,5648,8999,9999",5847,5648,5648,8999,other_error
550,"1000,5847,5649,9999","1000,5847,5649,9999",pred_iter_5000,5000,"1000,5649,8999,9999",5847,5649,5649,8999,other_error
551,"1000,5851,5752,9999","1000,5851,5752,9999",pred_iter_5000,5000,"1000,5851,7522,9999",5851,5752,5851,7522,other_error
552,"1000,5852,5758,9999","1000,5852,5758,9999",pred_iter_5000,5000,"1000,5758,8999,9999",5852,5758,5758,8999,other_error
553,"1000,5853,5952,9999","1000,5853,5952,9999",pred_iter_5000,5000,"1000,5853,8999,9952",5853,5952,5853,8999,other_error
554,"1000,5857,5758,9999","1000,5857,5758,9999",pred_iter_5000,5000,"1000,5858,8599,9999",5857,5758,5858,8599,other_error
555,"1000,5857,5952,9999","1000,5857,5952,9999",pred_iter_5000,5000,"1000,5852,7957,9999",5857,5952,5852,7957,other_error
556,"1000,5868,5965,9999","1000,5868,5965,9999",pred_iter_5000,5000,"1000,5865,8968,9999",5868,5965,5865,8968,other_error
557,"1000,5873,5177,9999","1000,5873,5177,9999",pred_iter_5000,5000,"1000,5873,7177,9999",5873,5177,5873,7177,other_error
558,"1000,5878,5974,9999","1000,5878,5974,9999",pred_iter_5000,5000,"1000,5878,8974,9999",5878,5974,5878,8974,other_error
559,"1000,5884,5386,9999","1000,5884,5386,9999",pred_iter_5000,5000,"1000,5386,7999,9999",5884,5386,5386,7999,other_error
560,"1000,5897,5399,9999","1000,5897,5399,9999",pred_iter_5000,5000,"1000,5399,8997,9999",5897,5399,5399,8997,other_error
561,"1000,5899,5992,9999","1000,5899,5992,9999",pred_iter_5000,5000,"1000,5899,8992,9999",5899,5992,5899,8992,other_error
562,"1000,5903,5808,9999","1000,5903,5808,9999",pred_iter_5000,5000,"1000,5808,8903,9999",5903,5808,5808,8903,other_error
563,"1000,5914,5215,9999","1000,5914,5215,9999",pred_iter_5000,5000,"1000,5215,8914,9999",5914,5215,5215,8914,other_error
564,"1000,5915,5816,9999","1000,5915,5816,9999",pred_iter_5000,5000,"1000,5816,7915,9999",5915,5816,5816,7915,other_error
565,"1000,5917,5819,9999","1000,5917,5819,9999",pred_iter_5000,5000,"1000,5819,8917,9999",5917,5819,5819,8917,other_error
566,"1000,5963,5866,9999","1000,5963,5866,9999",pred_iter_5000,5000,"1000,5866,8963,9999",5963,5866,5866,8963,other_error
567,"1000,5972,5379,9999","1000,5972,5379,9999",pred_iter_5000,5000,"1000,5379,8972,9999",5972,5379,5379,8972,other_error
568,"1000,5973,5679,9999","1000,5973,5679,9999",pred_iter_5000,5000,"1000,5679,7973,9999",5973,5679,5679,7973,other_error
569,"1000,5977,5778,9999","1000,5977,5778,9999",pred_iter_5000,5000,"1000,5778,7778,9999",5977,5778,5778,7778,other_error
570,"1000,5981,5583,9999","1000,5981,5583,9999",pred_iter_5000,5000,"1000,5583,8981,9999",5981,5583,5583,8981,other_error
571,"1000,5981,5588,9999","1000,5981,5588,9999",pred_iter_5000,5000,"1000,5588,8981,9999",5981,5588,5588,8981,other_error
572,"1000,5983,5289,9999","1000,5983,5289,9999",pred_iter_5000,5000,"1000,5983,8289,9999",5983,5289,5983,8289,other_error
573,"1000,5986,5189,9999","1000,5986,5189,9999",pred_iter_5000,5000,"1000,5189,8986,9999",5986,5189,5189,8986,other_error
574,"1000,5988,5589,9999","1000,5988,5589,9999",pred_iter_5000,5000,"1000,5589,8988,9999",5988,5589,5589,8988,other_error
575,"1000,6004,6901,9999","1000,6004,6901,9999",pred_iter_5000,5000,"1000,6004,8901,9999",6004,6901,6004,8901,other_error
576,"1000,6058,6857,9999","1000,6058,6857,9999",pred_iter_5000,5000,"1000,6858,7057,9999",6058,6857,6858,7057,other_error
577,"1000,6068,6467,9999","1000,6068,6467,9999",pred_iter_5000,5000,"1000,6468,7999,9999",6068,6467,6468,7999,other_error
578,"1000,6086,6982,9999","1000,6086,6982,9999",pred_iter_5000,5000,"1000,6986,8982,9999",6086,6982,6986,8982,other_error
579,"1000,6104,6006,9999","1000,6104,6006,9999",pred_iter_5000,5000,"1000,6106,8004,9999",6104,6006,6106,8004,other_error
580,"1000,6117,6515,9999","1000,6117,6515,9999",pred_iter_5000,5000,"1000,6515,6117,9999",6117,6515,6515,6117,other_error
582,"1000,6123,6521,9999","1000,6123,6521,9999",pred_iter_5000,5000,"1000,6521,8999,9999",6123,6521,6521,8999,other_error
583,"1000,6124,6423,9999","1000,6124,6423,9999",pred_iter_5000,5000,"1000,6124,8999,9999",6124,6423,6124,8999,other_error
586,"1000,6167,6566,9999","1000,6167,6566,9999",pred_iter_5000,5000,"1000,6566,8999,9999",6167,6566,6566,8999,other_error
588,"1000,6256,6354,9999","1000,6256,6354,9999",pred_iter_5000,5000,"1000,6356,7999,9999",6256,6354,6356,7999,other_error
589,"1000,6257,6655,9999","1000,6257,6655,9999",pred_iter_5000,5000,"1000,6657,7999,9999",6257,6655,6657,7999,other_error
590,"1000,6268,6169,9999","1000,6268,6169,9999",pred_iter_5000,5000,"1000,6168,7999,9999",6268,6169,6168,7999,other_error
591,"1000,6279,6372,9999","1000,6279,6372,9999",pred_iter_5000,5000,"1000,6379,6272,9999",6279,6372,6379,6272,other_error
592,"1000,6284,6189,9999","1000,6284,6189,9999",pred_iter_5000,5000,"1000,6184,7999,9999",6284,6189,6184,7999,other_error
593,"1000,6286,6584,9999","1000,6286,6584,9999",pred_iter_5000,5000,"1000,6586,6284,9999",6286,6584,6586,6284,other_error
594,"1000,6298,6697,9999","1000,6298,6697,9999",pred_iter_5000,5000,"1000,6697,7998,9999",6298,6697,6697,7998,other_error
595,"1000,6298,6796,9999","1000,6298,6796,9999",pred_iter_5000,5000,"1000,6796,7998,9999",6298,6796,6796,7998,other_error
599,"1000,6330,6137,9999","1000,6330,6137,9999",pred_iter_5000,5000,"1000,6137,6330,9999",6330,6137,6137,6330,other_error
600,"1000,6337,6736,9999","1000,6337,6736,9999",pred_iter_5000,5000,"1000,3337,6736,9999",6337,6736,3337,6736,other_error
601,"1000,6338,6834,9999","1000,6338,6834,9999",pred_iter_5000,5000,"1000,6834,6338,9999",6338,6834,6834,6338,other_error
603,"1000,6404,6007,9999","1000,6404,6007,9999",pred_iter_5000,5000,"1000,6404,7007,9999",6404,6007,6404,7007,other_error
604,"1000,6408,6800,9999","1000,6408,6800,9999",pred_iter_5000,5000,"1000,6808,7400,9999",6408,6800,6808,7400,other_error
605,"1000,6429,6828,9999","1000,6429,6828,9999",pred_iter_5000,5000,"1000,6828,7429,9999",6429,6828,6828,7429,other_error
606,"1000,6438,6834,9999","1000,6438,6834,9999",pred_iter_5000,5000,"1000,6834,7438,9999",6438,6834,6834,7438,other_error
608,"1000,6484,6783,9999","1000,6484,6783,9999",pred_iter_5000,5000,"1000,6483,7884,9999",6484,6783,6483,7884,other_error
609,"1000,6499,6698,9999","1000,6499,6698,9999",pred_iter_5000,5000,"1000,6698,7999,9998",6499,6698,6698,7999,other_error
610,"1000,6502,6404,9999","1000,6502,6404,9999",pred_iter_5000,5000,"1000,6404,6502,9999",6502,6404,6404,6502,other_error
613,"1000,6528,6429,9999","1000,6528,6429,9999",pred_iter_5000,5000,"1000,6429,6528,9999",6528,6429,6429,6528,other_error
615,"1000,6554,6751,9999","1000,6554,6751,9999",pred_iter_5000,5000,"1000,6554,7951,9999",6554,6751,6554,7951,other_error
617,"1000,6563,6862,9999","1000,6563,6862,9999",pred_iter_5000,5000,"1000,6863,6562,9999",6563,6862,6863,6562,other_error
620,"1000,6604,6006,9999","1000,6604,6006,9999",pred_iter_5000,5000,"1000,6606,7999,9999",6604,6006,6606,7999,other_error
628,"1000,6667,6569,9999","1000,6667,6569,9999",pred_iter_5000,5000,"1000,6567,6669,9999",6667,6569,6567,6669,other_error
629,"1000,6668,6863,9999","1000,6668,6863,9999",pred_iter_5000,5000,"1000,6668,6663,9999",6668,6863,6668,6663,other_error
630,"1000,6672,6073,9999","1000,6672,6073,9999",pred_iter_5000,5000,"1000,6673,7972,9999",6672,6073,6673,7972,other_error
631,"1000,6676,6874,9999","1000,6676,6874,9999",pred_iter_5000,5000,"1000,6676,7974,9999",6676,6874,6676,7974,other_error
632,"1000,6678,6777,9999","1000,6678,6777,9999",pred_iter_5000,5000,"1000,6677,7778,9999",6678,6777,6677,7778,other_error
633,"1000,6681,6583,9999","1000,6681,6583,9999",pred_iter_5000,5000,"1000,6583,6681,9999",6681,6583,6583,6681,other_error
634,"1000,6688,6589,9999","1000,6688,6589,9999",pred_iter_5000,5000,"1000,6589,6688,9999",6688,6589,6589,6688,other_error
636,"1000,6704,6803,9999","1000,6704,6803,9999",pred_iter_5000,5000,"1000,6803,6704,9999",6704,6803,6803,6704,other_error
637,"1000,6706,6108,9999","1000,6706,6108,9999",pred_iter_5000,5000,"1000,6108,7006,9999",6706,6108,6108,7006,other_error
638,"1000,6716,6418,9999","1000,6716,6418,9999",pred_iter_5000,5000,"1000,6418,7116,9999",6716,6418,6418,7116,other_error
639,"1000,6718,6912,9999","1000,6718,6912,9999",pred_iter_5000,5000,"1000,6718,7112,9999",6718,6912,6718,7112,other_error
640,"1000,6739,6837,9999","1000,6739,6837,9999",pred_iter_5000,5000,"1000,6839,7337,9999",6739,6837,6839,7337,other_error
641,"1000,6739,6838,9999","1000,6739,6838,9999",pred_iter_5000,5000,"1000,6839,8338,9999",6739,6838,6839,8338,other_error
642,"1000,6754,6657,9999","1000,6754,6657,9999",pred_iter_5000,5000,"1000,6657,7554,9999",6754,6657,6657,7554,other_error
644,"1000,6782,6284,9999","1000,6782,6284,9999",pred_iter_5000,5000,"1000,6782,7884,9999",6782,6284,6782,7884,other_error
645,"1000,6783,6685,9999","1000,6783,6685,9999",pred_iter_5000,5000,"1000,6783,7885,9999",6783,6685,6783,7885,other_error
646,"1000,6790,6696,9999","1000,6790,6696,9999",pred_iter_5000,5000,"1000,6796,8690,9999",6790,6696,6796,8690,other_error
647,"1000,6798,6991,9999","1000,6798,6991,9999",pred_iter_5000,5000,"1000,6791,7999,9998",6798,6991,6791,7999,other_error
650,"1000,6807,6108,9999","1000,6807,6108,9999",pred_iter_5000,5000,"1000,6108,6807,9999",6807,6108,6108,6807,other_error
651,"1000,6814,6619,9999","1000,6814,6619,9999",pred_iter_5000,5000,"1000,6619,6814,9999",6814,6619,6619,6814,other_error
652,"1000,6824,6425,9999","1000,6824,6425,9999",pred_iter_5000,5000,"1000,6425,6824,9999",6824,6425,6425,6824,other_error
654,"1000,6828,6529,9999","1000,6828,6529,9999",pred_iter_5000,5000,"1000,6529,6828,9999",6828,6529,6529,6828,other_error
655,"1000,6830,6638,9999","1000,6830,6638,9999",pred_iter_5000,5000,"1000,6638,6630,9999",6830,6638,6638,6630,other_error
656,"1000,6833,6138,9999","1000,6833,6138,9999",pred_iter_5000,5000,"1000,6138,6833,9999",6833,6138,6138,6833,other_error
658,"1000,6851,6455,9999","1000,6851,6455,9999",pred_iter_5000,5000,"1000,6455,7999,9999",6851,6455,6455,7999,other_error
661,"1000,6873,6779,9999","1000,6873,6779,9999",pred_iter_5000,5000,"1000,6779,6873,9999",6873,6779,6779,6873,other_error
663,"1000,6876,6377,9999","1000,6876,6377,9999",pred_iter_5000,5000,"1000,6377,6876,9999",6876,6377,6377,6876,other_error
665,"1000,6887,6589,9999","1000,6887,6589,9999",pred_iter_5000,5000,"1000,6589,6887,9999",6887,6589,6589,6887,other_error
667,"1000,6908,6809,9999","1000,6908,6809,9999",pred_iter_5000,5000,"1000,6809,6908,9999",6908,6809,6809,6908,other_error
668,"1000,6917,6819,9999","1000,6917,6819,9999",pred_iter_5000,5000,"1000,6817,7919,9999",6917,6819,6817,7919,other_error
669,"1000,6927,6828,9999","1000,6927,6828,9999",pred_iter_5000,5000,"1000,6827,6928,9999",6927,6828,6827,6928,other_error
670,"1000,6928,6829,9999","1000,6928,6829,9999",pred_iter_5000,5000,"1000,6828,6929,9999",6928,6829,6828,6929,other_error
671,"1000,6937,6838,9999","1000,6937,6838,9999",pred_iter_5000,5000,"1000,6837,6938,9999",6937,6838,6837,6938,other_error
672,"1000,6945,6848,9999","1000,6945,6848,9999",pred_iter_5000,5000,"1000,3845,6948,9999",6945,6848,3845,6948,other_error
673,"1000,6946,6847,9999","1000,6946,6847,9999",pred_iter_5000,5000,"1000,6847,7946,9999",6946,6847,6847,7946,other_error
674,"1000,6946,6848,9999","1000,6946,6848,9999",pred_iter_5000,5000,"1000,6848,7946,9999",6946,6848,6848,7946,other_error
675,"1000,6947,6149,9999","1000,6947,6149,9999",pred_iter_5000,5000,"1000,6147,6949,9999",6947,6149,6147,6949,other_error
676,"1000,6947,6449,9999","1000,6947,6449,9999",pred_iter_5000,5000,"1000,6449,7947,9999",6947,6449,6449,7947,other_error
677,"1000,6953,6858,9999","1000,6953,6858,9999",pred_iter_5000,5000,"1000,6853,8858,9999",6953,6858,6853,8858,other_error
678,"1000,6956,6859,9999","1000,6956,6859,9999",pred_iter_5000,5000,"1000,6859,6956,9999",6956,6859,6859,6956,other_error
679,"1000,6958,6859,9999","1000,6958,6859,9999",pred_iter_5000,5000,"1000,6859,8858,9999",6958,6859,6859,8858,other_error
680,"1000,6963,6165,9999","1000,6963,6165,9999",pred_iter_5000,5000,"1000,6165,8963,9999",6963,6165,6165,8963,other_error
681,"1000,6963,6367,9999","1000,6963,6367,9999",pred_iter_5000,5000,"1000,6367,6963,9999",6963,6367,6367,6963,other_error
682,"1000,6970,6475,9999","1000,6970,6475,9999",pred_iter_5000,5000,"1000,6475,7970,9999",6970,6475,6475,7970,other_error
683,"1000,6970,6876,9999","1000,6970,6876,9999",pred_iter_5000,5000,"1000,6876,7970,9999",6970,6876,6876,7970,other_error
684,"1000,6974,6079,9999","1000,6974,6079,9999",pred_iter_5000,5000,"1000,6974,7079,9999",6974,6079,6974,7079,other_error
685,"1000,6976,6478,9999","1000,6976,6478,9999",pred_iter_5000,5000,"1000,6478,8976,9999",6976,6478,6478,8976,other_error
686,"1000,6982,6785,9999","1000,6982,6785,9999",pred_iter_5000,5000,"1000,6785,8982,9999",6982,6785,6785,8982,other_error
687,"1000,6992,6898,9999","1000,6992,6898,9999",pred_iter_5000,5000,"1000,6898,6999,9992",6992,6898,6898,6999,other_error
688,"1000,6997,6499,9999","1000,6997,6499,9999",pred_iter_5000,5000,"1000,6499,7997,9999",6997,6499,6499,7997,other_error
689,"1000,7015,7810,9999","1000,7015,7810,9999",pred_iter_5000,5000,"1000,7815,7810,9999",7015,7810,7815,7810,other_error
690,"1000,7023,7822,9999","1000,7023,7822,9999",pred_iter_5000,5000,"1000,7823,7022,9999",7023,7822,7823,7022,other_error
691,"1000,7028,7624,9999","1000,7028,7624,9999",pred_iter_5000,5000,"1000,7624,7028,9999",7028,7624,7624,7028,other_error
692,"1000,7033,7130,9999","1000,7033,7130,9999",pred_iter_5000,5000,"1000,7133,7030,9999",7033,7130,7133,7030,other_error
693,"1000,7034,7831,9999","1000,7034,7831,9999",pred_iter_5000,5000,"1000,7834,7031,9999",7034,7831,7834,7031,other_error
694,"1000,7049,7544,9999","1000,7049,7544,9999",pred_iter_5000,5000,"1000,7544,7049,9999",7049,7544,7544,7049,other_error
695,"1000,7049,7948,9999","1000,7049,7948,9999",pred_iter_5000,5000,"1000,7949,7048,9999",7049,7948,7949,7048,other_error
696,"1000,7069,7368,9999","1000,7069,7368,9999",pred_iter_5000,5000,"1000,7368,7069,9999",7069,7368,7368,7069,other_error
697,"1000,7099,7198,9999","1000,7099,7198,9999",pred_iter_5000,5000,"1000,7198,7099,9998",7099,7198,7198,7099,other_error
703,"1000,7214,7813,9999","1000,7214,7813,9999",pred_iter_5000,5000,"1000,7813,7214,9999",7214,7813,7813,7214,other_error
704,"1000,7226,7321,9999","1000,7226,7321,9999",pred_iter_5000,5000,"1000,7326,7221,9999",7226,7321,7326,7221,other_error
705,"1000,7228,7727,9999","1000,7228,7727,9999",pred_iter_5000,5000,"1000,7728,7227,9999",7228,7727,7728,7227,other_error
707,"1000,7255,7157,9999","1000,7255,7157,9999",pred_iter_5000,5000,"1000,7157,7255,9999",7255,7157,7157,7255,other_error
708,"1000,7256,7853,9999","1000,7256,7853,9999",pred_iter_5000,5000,"1000,7856,7256,9999",7256,7853,7856,7256,other_error
715,"1000,7379,7778,9999","1000,7379,7778,9999",pred_iter_5000,5000,"1000,5000,7379,9999",7379,7778,5000,7379,other_error
716,"1000,7399,7597,9999","1000,7399,7597,9999",pred_iter_5000,5000,"1000,7399,8597,9999",7399,7597,7399,8597,other_error
717,"1000,7439,7837,9999","1000,7439,7837,9999",pred_iter_5000,5000,"1000,7839,7439,9999",7439,7837,7839,7439,other_error
719,"1000,7449,7848,9999","1000,7449,7848,9999",pred_iter_5000,5000,"1000,5000,7849,9999",7449,7848,5000,7849,other_error
720,"1000,7478,7875,9999","1000,7478,7875,9999",pred_iter_5000,5000,"1000,7875,7478,9999",7478,7875,7875,7478,other_error
722,"1000,7510,7312,9999","1000,7510,7312,9999",pred_iter_5000,5000,"1000,7312,7510,9999",7510,7312,7312,7510,other_error
723,"1000,7513,7216,9999","1000,7513,7216,9999",pred_iter_5000,5000,"1000,7216,7513,9999",7513,7216,7216,7513,other_error
724,"1000,7526,7427,9999","1000,7526,7427,9999",pred_iter_5000,5000,"1000,7427,7526,9999",7526,7427,7427,7526,other_error
730,"1000,7564,7367,9999","1000,7564,7367,9999",pred_iter_5000,5000,"1000,7367,7564,9999",7564,7367,7367,7564,other_error
731,"1000,7565,7368,9999","1000,7565,7368,9999",pred_iter_5000,5000,"1000,7368,7565,9999",7565,7368,7368,7565,other_error
734,"1000,7598,7399,9999","1000,7598,7399,9999",pred_iter_5000,5000,"1000,7399,7598,9999",7598,7399,7399,7598,other_error
735,"1000,7604,7509,9999","1000,7604,7509,9999",pred_iter_5000,5000,"1000,7509,7604,9999",7604,7509,7509,7604,other_error
737,"1000,7640,7345,9999","1000,7640,7345,9999",pred_iter_5000,5000,"1000,7345,7640,9999",7640,7345,7345,7640,other_error
738,"1000,7648,7744,9999","1000,7648,7744,9999",pred_iter_5000,5000,"1000,7748,7644,9999",7648,7744,7748,7644,other_error
740,"1000,7678,7875,9999","1000,7678,7875,9999",pred_iter_5000,5000,"1000,7875,7678,9999",7678,7875,7875,7678,other_error
741,"1000,7679,7878,9999","1000,7679,7878,9999",pred_iter_5000,5000,"1000,7879,7678,9999",7679,7878,7879,7678,other_error
746,"1000,7753,7359,9999","1000,7753,7359,9999",pred_iter_5000,5000,"1000,7359,7753,9999",7753,7359,7359,7753,other_error
747,"1000,7755,7456,9999","1000,7755,7456,9999",pred_iter_5000,5000,"1000,7456,7755,9999",7755,7456,7456,7755,other_error
749,"1000,7767,7468,9999","1000,7767,7468,9999",pred_iter_5000,5000,"1000,7468,7767,9999",7767,7468,7468,7767,other_error
751,"1000,7769,7862,9999","1000,7769,7862,9999",pred_iter_5000,5000,"1000,7869,7762,9999",7769,7862,7869,7762,other_error
752,"1000,7784,7385,9999","1000,7784,7385,9999",pred_iter_5000,5000,"1000,7385,7784,9999",7784,7385,7385,7784,other_error
754,"1000,7796,7099,9999","1000,7796,7099,9999",pred_iter_5000,5000,"1000,7796,8796,9999",7796,7099,7796,8796,other_error
755,"1000,7803,7605,9999","1000,7803,7605,9999",pred_iter_5000,5000,"1000,7605,7803,9999",7803,7605,7605,7803,other_error
756,"1000,7815,7517,9999","1000,7815,7517,9999",pred_iter_5000,5000,"1000,7517,7815,9999",7815,7517,7517,7815,other_error
757,"1000,7817,7319,9999","1000,7817,7319,9999",pred_iter_5000,5000,"1000,7319,7817,9999",7817,7319,7319,7817,other_error
758,"1000,7820,7528,9999","1000,7820,7528,9999",pred_iter_5000,5000,"1000,7528,7820,9999",7820,7528,7528,7820,other_error
759,"1000,7821,7524,9999","1000,7821,7524,9999",pred_iter_5000,5000,"1000,7524,7821,9999",7821,7524,7524,7821,other_error
761,"1000,7825,7627,9999","1000,7825,7627,9999",pred_iter_5000,5000,"1000,7827,7825,9999",7825,7627,7827,7825,other_error
763,"1000,7835,7539,9999","1000,7835,7539,9999",pred_iter_5000,5000,"1000,7539,7835,9999",7835,7539,7539,7835,other_error
765,"1000,7876,7777,9999","1000,7876,7777,9999",pred_iter_5000,5000,"1000,7777,7876,9999",7876,7777,7777,7876,other_error
767,"1000,7896,7992,9999","1000,7896,7992,9999",pred_iter_5000,5000,"1000,7899,7992,9996",7896,7992,7899,7992,other_error
768,"1000,7902,7806,9999","1000,7902,7806,9999",pred_iter_5000,5000,"1000,7802,7906,9999",7902,7806,7802,7906,other_error
769,"1000,7908,7609,9999","1000,7908,7609,9999",pred_iter_5000,5000,"1000,7609,7908,9999",7908,7609,7609,7908,other_error
770,"1000,7910,7817,9999","1000,7910,7817,9999",pred_iter_5000,5000,"1000,7817,7910,9999",7910,7817,7817,7910,other_error
771,"1000,7914,7716,9999","1000,7914,7716,9999",pred_iter_5000,5000,"1000,7716,7914,9999",7914,7716,7716,7914,other_error
772,"1000,7917,7718,9999","1000,7917,7718,9999",pred_iter_5000,5000,"1000,7718,7917,9999",7917,7718,7718,7917,other_error
773,"1000,7918,7719,9999","1000,7918,7719,9999",pred_iter_5000,5000,"1000,7719,7918,9999",7918,7719,7719,7918,other_error
774,"1000,7923,7228,9999","1000,7923,7228,9999",pred_iter_5000,5000,"1000,7228,7923,9999",7923,7228,7228,7923,other_error
775,"1000,7926,7627,9999","1000,7926,7627,9999",pred_iter_5000,5000,"1000,7627,7926,9999",7926,7627,7627,7926,other_error
776,"1000,7937,7539,9999","1000,7937,7539,9999",pred_iter_5000,5000,"1000,5339,7539,9999",7937,7539,5339,7539,other_error
777,"1000,7946,7747,9999","1000,7946,7747,9999",pred_iter_5000,5000,"1000,7747,7946,9999",7946,7747,7747,7946,other_error
778,"1000,7958,7559,9999","1000,7958,7559,9999",pred_iter_5000,5000,"1000,7559,7958,9999",7958,7559,7559,7958,other_error
779,"1000,7976,7578,9999","1000,7976,7578,9999",pred_iter_5000,5000,"1000,7578,7976,9999",7976,7578,7578,7976,other_error
780,"1000,7997,7899,9999","1000,7997,7899,9999",pred_iter_5000,5000,"1000,7897,7999,9999",7997,7899,7897,7999,other_error
781,"1000,7998,7899,9999","1000,7998,7899,9999",pred_iter_5000,5000,"1000,7898,7999,9998",7998,7899,7898,7999,other_error
782,"1000,8006,8103,9999","1000,8006,8103,9999",pred_iter_5000,5000,"1000,7006,8103,9999",8006,8103,7006,8103,other_error
783,"1000,8036,8130,9999","1000,8036,8130,9999",pred_iter_5000,5000,"1000,8136,8030,9999",8036,8130,8136,8030,other_error
784,"1000,8069,8765,9999","1000,8069,8765,9999",pred_iter_5000,5000,"1000,8765,8769,9999",8069,8765,8765,8769,other_error
785,"1000,8099,8796,9999","1000,8099,8796,9999",pred_iter_5000,5000,"1000,8796,8799,9996",8099,8796,8796,8799,other_error
786,"1000,8104,8300,9999","1000,8104,8300,9999",pred_iter_5000,5000,"1000,8304,8300,9999",8104,8300,8304,8300,other_error
789,"1000,8127,8320,9999","1000,8127,8320,9999",pred_iter_5000,5000,"1000,8327,8320,9999",8127,8320,8327,8320,other_error
790,"1000,8129,8328,9999","1000,8129,8328,9999",pred_iter_5000,5000,"1000,7000,8328,9999",8129,8328,7000,8328,other_error
791,"1000,8142,8048,9999","1000,8142,8048,9999",pred_iter_5000,5000,"1000,7048,8142,9999",8142,8048,7048,8142,other_error
792,"1000,8159,8855,9999","1000,8159,8855,9999",pred_iter_5000,5000,"1000,7000,8855,9999",8159,8855,7000,8855,other_error
793,"1000,8163,8362,9999","1000,8163,8362,9999",pred_iter_5000,5000,"1000,8362,8363,9999",8163,8362,8362,8363,other_error
795,"1000,8178,8976,9999","1000,8178,8976,9999",pred_iter_5000,5000,"1000,7000,8978,9999",8178,8976,7000,8978,other_error
796,"1000,8188,8583,9999","1000,8188,8583,9999",pred_iter_5000,5000,"1000,2000,8583,9999",8188,8583,2000,8583,other_error
797,"1000,8207,8806,9999","1000,8207,8806,9999",pred_iter_5000,5000,"1000,8806,8207,9999",8207,8806,8806,8207,other_error
798,"1000,8209,8307,9999","1000,8209,8307,9999",pred_iter_5000,5000,"1000,7000,8309,9999",8209,8307,7000,8309,other_error
799,"1000,8228,8129,9999","1000,8228,8129,9999",pred_iter_5000,5000,"1000,8129,8228,9999",8228,8129,8129,8228,other_error
800,"1000,8253,8751,9999","1000,8253,8751,9999",pred_iter_5000,5000,"1000,5000,8751,9999",8253,8751,5000,8751,other_error
801,"1000,8257,8653,9999","1000,8257,8653,9999",pred_iter_5000,5000,"1000,5000,8653,9999",8257,8653,5000,8653,other_error
802,"1000,8297,8596,9999","1000,8297,8596,9999",pred_iter_5000,5000,"1000,8597,8296,9999",8297,8596,8597,8296,other_error
803,"1000,8308,8804,9999","1000,8308,8804,9999",pred_iter_5000,5000,"1000,8804,8808,9999",8308,8804,8804,8808,other_error
807,"1000,8341,8840,9999","1000,8341,8840,9999",pred_iter_5000,5000,"1000,2000,8841,9999",8341,8840,2000,8841,other_error
808,"1000,8349,8841,9999","1000,8349,8841,9999",pred_iter_5000,5000,"1000,7849,8341,9999",8349,8841,7849,8341,other_error
809,"1000,8375,8574,9999","1000,8375,8574,9999",pred_iter_5000,5000,"1000,2000,8575,9999",8375,8574,2000,8575,other_error
810,"1000,8383,8084,9999","1000,8383,8084,9999",pred_iter_5000,5000,"1000,2000,8383,9999",8383,8084,2000,8383,other_error
811,"1000,8387,8088,9999","1000,8387,8088,9999",pred_iter_5000,5000,"1000,7088,8387,9999",8387,8088,7088,8387,other_error
812,"1000,8397,8696,9999","1000,8397,8696,9999",pred_iter_5000,5000,"1000,7000,8696,9999",8397,8696,7000,8696,other_error
813,"1000,8406,8309,9999","1000,8406,8309,9999",pred_iter_5000,5000,"1000,8309,8406,9999",8406,8309,8309,8406,other_error
815,"1000,8413,8710,9999","1000,8413,8710,9999",pred_iter_5000,5000,"1000,8713,8410,9999",8413,8710,8713,8410,other_error
816,"1000,8418,8816,9999","1000,8418,8816,9999",pred_iter_5000,5000,"1000,8816,8418,9999",8418,8816,8816,8418,other_error
817,"1000,8453,8650,9999","1000,8453,8650,9999",pred_iter_5000,5000,"1000,7000,8650,9999",8453,8650,7000,8650,other_error
818,"1000,8458,8656,9999","1000,8458,8656,9999",pred_iter_5000,5000,"1000,7958,8656,9999",8458,8656,7958,8656,other_error
819,"1000,8489,8788,9999","1000,8489,8788,9999",pred_iter_5000,5000,"1000,7889,8788,9999",8489,8788,7889,8788,other_error
820,"1000,8495,8794,9999","1000,8495,8794,9999",pred_iter_5000,5000,"1000,8795,8494,9999",8495,8794,8795,8494,other_error
822,"1000,8515,8316,9999","1000,8515,8316,9999",pred_iter_5000,5000,"1000,8316,8515,9999",8515,8316,8316,8515,other_error
827,"1000,8559,8856,9999","1000,8559,8856,9999",pred_iter_5000,5000,"1000,5559,8856,9999",8559,8856,5559,8856,other_error
828,"1000,8568,8867,9999","1000,8568,8867,9999",pred_iter_5000,5000,"1000,7999,8867,9999",8568,8867,7999,8867,other_error
829,"1000,8574,8971,9999","1000,8574,8971,9999",pred_iter_5000,5000,"1000,7000,8574,9999",8574,8971,7000,8574,other_error
831,"1000,8622,8526,9999","1000,8622,8526,9999",pred_iter_5000,5000,"1000,8526,8622,9999",8622,8526,8526,8622,other_error
832,"1000,8625,8128,9999","1000,8625,8128,9999",pred_iter_5000,5000,"1000,8128,8625,9999",8625,8128,8128,8625,other_error
833,"1000,8625,8820,9999","1000,8625,8820,9999",pred_iter_5000,5000,"1000,8820,8825,9999",8625,8820,8820,8825,other_error
834,"1000,8636,8437,9999","1000,8636,8437,9999",pred_iter_5000,5000,"1000,8437,8636,9999",8636,8437,8437,8636,other_error
835,"1000,8649,8747,9999","1000,8649,8747,9999",pred_iter_5000,5000,"1000,8749,8647,9999",8649,8747,8749,8647,other_error
836,"1000,8657,8358,9999","1000,8657,8358,9999",pred_iter_5000,5000,"1000,7000,8358,9999",8657,8358,7000,8358,other_error
837,"1000,8676,8579,9999","1000,8676,8579,9999",pred_iter_5000,5000,"1000,8579,8676,9999",8676,8579,8579,8676,other_error
838,"1000,8679,8878,9999","1000,8679,8878,9999",pred_iter_5000,5000,"1000,8878,8679,9999",8679,8878,8878,8679,other_error
839,"1000,8690,8392,9999","1000,8690,8392,9999",pred_iter_5000,5000,"1000,7000,8392,9999",8690,8392,7000,8392,other_error
840,"1000,8693,8394,9999","1000,8693,8394,9999",pred_iter_5000,5000,"1000,8394,8693,9999",8693,8394,8394,8693,other_error
841,"1000,8697,8795,9999","1000,8697,8795,9999",pred_iter_5000,5000,"1000,8797,8695,9999",8697,8795,8797,8695,other_error
842,"1000,8699,8892,9999","1000,8699,8892,9999",pred_iter_5000,5000,"1000,8899,8692,9999",8699,8892,8899,8692,other_error
843,"1000,8709,8807,9999","1000,8709,8807,9999",pred_iter_5000,5000,"1000,8809,8707,9999",8709,8807,8809,8707,other_error
845,"1000,8710,8416,9999","1000,8710,8416,9999",pred_iter_5000,5000,"1000,8416,8716,9999",8710,8416,8416,8716,other_error
846,"1000,8714,8216,9999","1000,8714,8216,9999",pred_iter_5000,5000,"1000,8216,8714,9999",8714,8216,8216,8714,other_error
847,"1000,8724,8626,9999","1000,8724,8626,9999",pred_iter_5000,5000,"1000,8624,8626,9999",8724,8626,8624,8626,other_error
848,"1000,8726,8627,9999","1000,8726,8627,9999",pred_iter_5000,5000,"1000,8626,8627,9999",8726,8627,8626,8627,other_error
849,"1000,8745,8842,9999","1000,8745,8842,9999",pred_iter_5000,5000,"1000,8845,8842,9999",8745,8842,8845,8842,other_error
850,"1000,8765,8266,9999","1000,8765,8266,9999",pred_iter_5000,5000,"1000,7000,8265,9999",8765,8266,7000,8265,other_error
852,"1000,8773,8574,9999","1000,8773,8574,9999",pred_iter_5000,5000,"1000,8574,8773,9999",8773,8574,8574,8773,other_error
853,"1000,8782,8483,9999","1000,8782,8483,9999",pred_iter_5000,5000,"1000,8483,8782,9999",8782,8483,8483,8782,other_error
854,"1000,8789,8888,9999","1000,8789,8888,9999",pred_iter_5000,5000,"1000,8888,8789,9999",8789,8888,8888,8789,other_error
855,"1000,8791,8595,9999","1000,8791,8595,9999",pred_iter_5000,5000,"1000,8595,8791,9999",8791,8595,8595,8791,other_error
861,"1000,8824,8328,9999","1000,8824,8328,9999",pred_iter_5000,5000,"1000,8328,8824,9999",8824,8328,8328,8824,other_error
863,"1000,8834,8933,9999","1000,8834,8933,9999",pred_iter_5000,5000,"1000,5000,8834,9999",8834,8933,5000,8834,other_error
865,"1000,8843,8644,9999","1000,8843,8644,9999",pred_iter_5000,5000,"1000,8644,8843,9999",8843,8644,8644,8843,other_error
866,"1000,8843,8645,9999","1000,8843,8645,9999",pred_iter_5000,5000,"1000,7000,8645,9999",8843,8645,7000,8645,other_error
868,"1000,8847,8549,9999","1000,8847,8549,9999",pred_iter_5000,5000,"1000,8549,8847,9999",8847,8549,8549,8847,other_error
869,"1000,8851,8352,9999","1000,8851,8352,9999",pred_iter_5000,5000,"1000,5000,8352,9999",8851,8352,5000,8352,other_error
874,"1000,8867,8069,9999","1000,8867,8069,9999",pred_iter_5000,5000,"1000,5069,8867,9999",8867,8069,5069,8867,other_error
875,"1000,8867,8769,9999","1000,8867,8769,9999",pred_iter_5000,5000,"1000,5000,8769,9999",8867,8769,5000,8769,other_error
876,"1000,8876,8970,9999","1000,8876,8970,9999",pred_iter_5000,5000,"1000,7000,8876,9999",8876,8970,7000,8876,other_error
877,"1000,8879,8976,9999","1000,8879,8976,9999",pred_iter_5000,5000,"1000,5000,8876,9999",8879,8976,5000,8876,other_error
878,"1000,8881,8683,9999","1000,8881,8683,9999",pred_iter_5000,5000,"1000,7999,8683,9999",8881,8683,7999,8683,other_error
880,"1000,8884,8588,9999","1000,8884,8588,9999",pred_iter_5000,5000,"1000,7884,8588,9999",8884,8588,7884,8588,other_error
881,"1000,8891,8399,9999","1000,8891,8399,9999",pred_iter_5000,5000,"1000,8399,8891,9991",8891,8399,8399,8891,other_error
882,"1000,8897,8399,9999","1000,8897,8399,9999",pred_iter_5000,5000,"1000,8399,8897,9999",8897,8399,8399,8897,other_error
883,"1000,8902,8803,9999","1000,8902,8803,9999",pred_iter_5000,5000,"1000,8803,8802,9999",8902,8803,8803,8802,other_error
884,"1000,8908,8209,9999","1000,8908,8209,9999",pred_iter_5000,5000,"1000,8209,8908,9999",8908,8209,8209,8908,other_error
885,"1000,8913,8716,9999","1000,8913,8716,9999",pred_iter_5000,5000,"1000,8716,8913,9999",8913,8716,8716,8913,other_error
886,"1000,8915,8716,9999","1000,8915,8716,9999",pred_iter_5000,5000,"1000,8716,8999,9915",8915,8716,8716,8999,other_error
887,"1000,8920,8424,9999","1000,8920,8424,9999",pred_iter_5000,5000,"1000,5000,8424,9999",8920,8424,5000,8424,other_error
888,"1000,8948,8749,9999","1000,8948,8749,9999",pred_iter_5000,5000,"1000,8748,8949,9999",8948,8749,8748,8949,other_error
889,"1000,8950,8856,9999","1000,8950,8856,9999",pred_iter_5000,5000,"1000,5000,8856,9999",8950,8856,5000,8856,other_error
890,"1000,8958,8759,9999","1000,8958,8759,9999",pred_iter_5000,5000,"1000,8759,8999,9958",8958,8759,8759,8999,other_error
891,"1000,8967,8769,9999","1000,8967,8769,9999",pred_iter_5000,5000,"1000,8769,8999,9967",8967,8769,8769,8999,other_error
892,"1000,8972,8873,9999","1000,8972,8873,9999",pred_iter_5000,5000,"1000,7000,8873,9999",8972,8873,7000,8873,other_error
893,"1000,8982,8885,9999","1000,8982,8885,9999",pred_iter_5000,5000,"1000,8885,8999,9982",8982,8885,8885,8999,other_error
894,"1000,8985,8389,9999","1000,8985,8389,9999",pred_iter_5000,5000,"1000,8389,8985,9999",8985,8389,8389,8985,other_error
895,"1000,8985,8688,9999","1000,8985,8688,9999",pred_iter_5000,5000,"1000,8688,8999,9985",8985,8688,8688,8999,other_error
896,"1000,8992,8894,9999","1000,8992,8894,9999",pred_iter_5000,5000,"1000,8894,8899,9992",8992,8894,8894,8899,other_error
897,"1000,9009,9108,9999","1000,9009,9108,9999",pred_iter_5000,5000,"1000,1008,9109,9008",9009,9108,1008,9109,other_error
898,"1000,9016,9714,9999","1000,9016,9714,9999",pred_iter_5000,5000,"1000,1000,9714,9016",9016,9714,1000,9714,other_error
899,"1000,9027,9324,9999","1000,9027,9324,9999",pred_iter_5000,5000,"1000,9324,9999,9027",9027,9324,9324,9999,other_error
900,"1000,9067,9365,9999","1000,9067,9365,9999",pred_iter_5000,5000,"1000,9365,9067,9999",9067,9365,9365,9067,other_error
901,"1000,9083,9682,9999","1000,9083,9682,9999",pred_iter_5000,5000,"1000,1000,9682,9999",9083,9682,1000,9682,other_error
902,"1000,9086,9481,9999","1000,9086,9481,9999",pred_iter_5000,5000,"1000,9999,9481,9999",9086,9481,9999,9481,other_error
903,"1000,9139,9836,9999","1000,9139,9836,9999",pred_iter_5000,5000,"1000,4900,6999,9836",9139,9836,4900,6999,other_error
906,"1000,9199,9598,9999","1000,9199,9598,9999",pred_iter_5000,5000,"1000,4000,8998,9599",9199,9598,4000,8998,other_error
907,"1000,9228,9426,9999","1000,9228,9426,9999",pred_iter_5000,5000,"1000,9999,9226,9428",9228,9426,9999,9226,other_error
909,"1000,9254,9653,9999","1000,9254,9653,9999",pred_iter_5000,5000,"1000,1000,9999,9654",9254,9653,1000,9999,other_error
911,"1000,9303,9700,9999","1000,9303,9700,9999",pred_iter_5000,5000,"1000,2003,9303,9700",9303,9700,2003,9303,other_error
912,"1000,9305,9109,9999","1000,9305,9109,9999",pred_iter_5000,5000,"1000,9109,9305,9999",9305,9109,9109,9305,other_error
913,"1000,9328,9527,9999","1000,9328,9527,9999",pred_iter_5000,5000,"1000,1000,9527,9999",9328,9527,1000,9527,other_error
914,"1000,9335,9831,9999","1000,9335,9831,9999",pred_iter_5000,5000,"1000,1000,9831,9999",9335,9831,1000,9831,other_error
915,"1000,9337,9932,9999","1000,9337,9932,9999",pred_iter_5000,5000,"1000,9337,9999,9332",9337,9932,9337,9999,other_error
917,"1000,9396,9794,9999","1000,9396,9794,9999",pred_iter_5000,5000,"1000,4996,9794,9999",9396,9794,4996,9794,other_error
920,"1000,9414,9512,9999","1000,9414,9512,9999",pred_iter_5000,5000,"1000,1000,9512,9999",9414,9512,1000,9512,other_error
921,"1000,9419,9615,9999","1000,9419,9615,9999",pred_iter_5000,5000,"1000,9999,9615,9999",9419,9615,9999,9615,other_error
922,"1000,9426,9228,9999","1000,9426,9228,9999",pred_iter_5000,5000,"1000,9228,9426,9999",9426,9228,9228,9426,other_error
923,"1000,9438,9830,9999","1000,9438,9830,9999",pred_iter_5000,5000,"1000,1000,9838,9999",9438,9830,1000,9838,other_error
924,"1000,9456,9157,9999","1000,9456,9157,9999",pred_iter_5000,5000,"1000,1000,9457,9999",9456,9157,1000,9457,other_error
925,"1000,9467,9564,9999","1000,9467,9564,9999",pred_iter_5000,5000,"1000,9564,9999,9567",9467,9564,9564,9999,other_error
926,"1000,9475,9276,9999","1000,9475,9276,9999",pred_iter_5000,5000,"1000,9999,9475,9999",9475,9276,9999,9475,other_error
927,"1000,9497,9596,9999","1000,9497,9596,9999",pred_iter_5000,5000,"1000,1000,9997,9599",9497,9596,1000,9997,other_error
929,"1000,9516,9419,9999","1000,9516,9419,9999",pred_iter_5000,5000,"1000,1000,9516,9999",9516,9419,1000,9516,other_error
931,"1000,9519,9918,9999","1000,9519,9918,9999",pred_iter_5000,5000,"1000,1000,9519,9999",9519,9918,1000,9519,other_error
932,"1000,9526,9623,9999","1000,9526,9623,9999",pred_iter_5000,5000,"1000,1000,9526,9999",9526,9623,1000,9526,other_error
933,"1000,9527,9229,9999","1000,9527,9229,9999",pred_iter_5000,5000,"1000,9229,9527,9999",9527,9229,9229,9527,other_error
935,"1000,9539,9732,9999","1000,9539,9732,9999",pred_iter_5000,5000,"1000,1000,9732,9999",9539,9732,1000,9732,other_error
937,"1000,9548,9942,9999","1000,9548,9942,9999",pred_iter_5000,5000,"1000,9548,9999,9542",9548,9942,9548,9999,other_error
938,"1000,9565,9169,9999","1000,9565,9169,9999",pred_iter_5000,5000,"1000,9169,9565,9999",9565,9169,9169,9565,other_error
939,"1000,9589,9788,9999","1000,9589,9788,9999",pred_iter_5000,5000,"1000,9999,9788,9999",9589,9788,9999,9788,other_error
940,"1000,9597,9794,9999","1000,9597,9794,9999",pred_iter_5000,5000,"1000,1000,9599,9794",9597,9794,1000,9599,other_error
942,"1000,9601,9208,9999","1000,9601,9208,9999",pred_iter_5000,5000,"1000,9999,9201,9608",9601,9208,9999,9201,other_error
943,"1000,9604,9308,9999","1000,9604,9308,9999",pred_iter_5000,5000,"1000,9308,9604,9999",9604,9308,9308,9604,other_error
944,"1000,9611,9519,9999","1000,9611,9519,9999",pred_iter_5000,5000,"1000,1000,9519,9999",9611,9519,1000,9519,other_error
945,"1000,9617,9518,9999","1000,9617,9518,9999",pred_iter_5000,5000,"1000,7999,9618,9517",9617,9518,7999,9618,other_error
946,"1000,9620,9123,9999","1000,9620,9123,9999",pred_iter_5000,5000,"1000,9123,9999,9620",9620,9123,9123,9999,other_error
947,"1000,9628,9429,9999","1000,9628,9429,9999",pred_iter_5000,5000,"1000,1000,9999,9628",9628,9429,1000,9999,other_error
948,"1000,9638,9737,9999","1000,9638,9737,9999",pred_iter_5000,5000,"1000,9999,9638,9737",9638,9737,9999,9638,other_error
949,"1000,9639,9737,9999","1000,9639,9737,9999",pred_iter_5000,5000,"1000,1000,9739,9999",9639,9737,1000,9739,other_error
950,"1000,9669,9767,9999","1000,9669,9767,9999",pred_iter_5000,5000,"1000,9999,9767,9669",9669,9767,9999,9767,other_error
951,"1000,9698,9399,9999","1000,9698,9399,9999",pred_iter_5000,5000,"1000,9399,9698,9999",9698,9399,9399,9698,other_error
952,"1000,9699,9998,9999","1000,9699,9998,9999",pred_iter_5000,5000,"1000,9999,9699,9998",9699,9998,9999,9699,other_error
953,"1000,9705,9408,9999","1000,9705,9408,9999",pred_iter_5000,5000,"1000,9408,9705,9999",9705,9408,9408,9705,other_error
955,"1000,9727,9528,9999","1000,9727,9528,9999",pred_iter_5000,5000,"1000,1000,9528,9727",9727,9528,1000,9528,other_error
956,"1000,9728,9329,9999","1000,9728,9329,9999",pred_iter_5000,5000,"1000,9329,9728,9999",9728,9329,9329,9728,other_error
957,"1000,9731,9638,9999","1000,9731,9638,9999",pred_iter_5000,5000,"1000,9999,9631,9738",9731,9638,9999,9631,other_error
958,"1000,9739,9930,9999","1000,9739,9930,9999",pred_iter_5000,5000,"1000,9939,9730,9999",9739,9930,9939,9730,other_error
959,"1000,9753,9154,9999","1000,9753,9154,9999",pred_iter_5000,5000,"1000,1000,9753,9154",9753,9154,1000,9753,other_error
960,"1000,9754,9852,9999","1000,9754,9852,9999",pred_iter_5000,5000,"1000,1000,9854,9999",9754,9852,1000,9854,other_error
961,"1000,9766,9667,9999","1000,9766,9667,9999",pred_iter_5000,5000,"1000,1000,9667,9766",9766,9667,1000,9667,other_error
962,"1000,9782,9689,9999","1000,9782,9689,9999",pred_iter_5000,5000,"1000,9999,9682,9789",9782,9689,9999,9682,other_error
963,"1000,9789,9981,9999","1000,9789,9981,9999",pred_iter_5000,5000,"1000,9981,9789,9999",9789,9981,9981,9789,other_error
964,"1000,9804,9708,9999","1000,9804,9708,9999",pred_iter_5000,5000,"1000,1000,9804,9999",9804,9708,1000,9804,other_error
965,"1000,9809,9908,9999","1000,9809,9908,9999",pred_iter_5000,5000,"1000,4908,7999,9809",9809,9908,4908,7999,other_error
966,"1000,9812,9518,9999","1000,9812,9518,9999",pred_iter_5000,5000,"1000,1000,9818,9999",9812,9518,1000,9818,other_error
967,"1000,9813,9518,9999","1000,9813,9518,9999",pred_iter_5000,5000,"1000,1000,9818,9999",9813,9518,1000,9818,other_error
968,"1000,9815,9913,9999","1000,9815,9913,9999",pred_iter_5000,5000,"1000,1000,9815,9999",9815,9913,1000,9815,other_error
969,"1000,9816,9915,9999","1000,9816,9915,9999",pred_iter_5000,5000,"1000,1000,9815,9999",9816,9915,1000,9815,other_error
970,"1000,9818,9912,9999","1000,9818,9912,9999",pred_iter_5000,5000,"1000,4000,8918,9812",9818,9912,4000,8918,other_error
971,"1000,9828,9529,9999","1000,9828,9529,9999",pred_iter_5000,5000,"1000,9529,9828,9999",9828,9529,9529,9828,other_error
972,"1000,9836,9037,9999","1000,9836,9037,9999",pred_iter_5000,5000,"1000,9836,9999,9837",9836,9037,9836,9999,other_error
973,"1000,9839,9934,9999","1000,9839,9934,9999",pred_iter_5000,5000,"1000,1000,9939,9834",9839,9934,1000,9939,other_error
974,"1000,9841,9643,9999","1000,9841,9643,9999",pred_iter_5000,5000,"1000,4999,9841,9999",9841,9643,4999,9841,other_error
975,"1000,9842,9746,9999","1000,9842,9746,9999",pred_iter_5000,5000,"1000,4900,9846,9999",9842,9746,4900,9846,other_error
976,"1000,9845,9546,9999","1000,9845,9546,9999",pred_iter_5000,5000,"1000,8999,9845,9999",9845,9546,8999,9845,other_error
977,"1000,9846,9447,9999","1000,9846,9447,9999",pred_iter_5000,5000,"1000,4447,9846,9999",9846,9447,4447,9846,other_error
978,"1000,9858,9159,9999","1000,9858,9159,9999",pred_iter_5000,5000,"1000,1000,9858,9999",9858,9159,1000,9858,other_error
979,"1000,9866,9965,9999","1000,9866,9965,9999",pred_iter_5000,5000,"1000,4900,6999,9866",9866,9965,4900,6999,other_error
980,"1000,9869,9965,9999","1000,9869,9965,9999",pred_iter_5000,5000,"1000,7999,9865,9999",9869,9965,7999,9865,other_error
981,"1000,9872,9773,9999","1000,9872,9773,9999",pred_iter_5000,5000,"1000,1000,9873,9999",9872,9773,1000,9873,other_error
982,"1000,9873,9972,9999","1000,9873,9972,9999",pred_iter_5000,5000,"1000,2900,9873,9999",9873,9972,2900,9873,other_error
983,"1000,9874,9973,9999","1000,9874,9973,9999",pred_iter_5000,5000,"1000,2000,9974,9873",9874,9973,2000,9974,other_error
984,"1000,9889,9982,9999","1000,9889,9982,9999",pred_iter_5000,5000,"1000,4900,6982,9889",9889,9982,4900,6982,other_error
985,"1000,9898,9499,9999","1000,9898,9499,9999",pred_iter_5000,5000,"1000,9899,9998,9899",9898,9499,9899,9998,other_error
986,"1000,9903,9806,9999","1000,9903,9806,9999",pred_iter_5000,5000,"1000,4006,8999,9803",9903,9806,4006,8999,other_error
987,"1000,9913,9818,9999","1000,9913,9818,9999",pred_iter_5000,5000,"1000,1000,9818,9999",9913,9818,1000,9818,other_error
988,"1000,9917,9818,9999","1000,9917,9818,9999",pred_iter_5000,5000,"1000,1000,9818,9999",9917,9818,1000,9818,other_error
989,"1000,9918,9819,9999","1000,9918,9819,9999",pred_iter_5000,5000,"1000,1000,9818,9999",9918,9819,1000,9818,other_error
990,"1000,9923,9829,9999","1000,9923,9829,9999",pred_iter_5000,5000,"1000,1000,9829,9999",9923,9829,1000,9829,other_error
991,"1000,9925,9426,9999","1000,9925,9426,9999",pred_iter_5000,5000,"1000,1000,9999,9425",9925,9426,1000,9999,other_error
992,"1000,9940,9542,9999","1000,9940,9542,9999",pred_iter_5000,5000,"1000,1000,9542,9999",9940,9542,1000,9542,other_error
993,"1000,9942,9745,9999","1000,9942,9745,9999",pred_iter_5000,5000,"1000,4999,8945,9742",9942,9745,4999,8945,other_error
994,"1000,9963,9469,9999","1000,9963,9469,9999",pred_iter_5000,5000,"1000,1000,9999,9463",9963,9469,1000,9999,other_error
995,"1000,9964,9768,9999","1000,9964,9768,9999",pred_iter_5000,5000,"1000,4900,8999,9764",9964,9768,4900,8999,other_error
996,"1000,9970,9576,9999","1000,9970,9576,9999",pred_iter_5000,5000,"1000,4900,8999,9576",9970,9576,4900,8999,other_error
997,"1000,9975,9779,9999","1000,9975,9779,9999",pred_iter_5000,5000,"1000,2900,9775,9999",9975,9779,2900,9775,other_error
